radar@localhost:~/borealis> sudo -E python3 scripts/install_radar_deps.py wal $BOREALISPATH --python-version=3.11 --no-cuda 2>&1
NAME="openSUSE Leap"
VERSION="15.6"
ID="opensuse-leap"
ID_LIKE="suse opensuse"
VERSION_ID="15.6"
PRETTY_NAME="openSUSE Leap 15.6"
ANSI_COLOR="0;32"
CPE_NAME="cpe:/o:opensuse:leap:15.6"
BUG_REPORT_URL="https://bugs.opensuse.org"
HOME_URL="https://www.opensuse.org/"
DOCUMENTATION_URL="https://en.opensuse.org/Portal:Leap"
LOGO="distributor-logo-Leap"

### Specifying PYTHON_VERSION in /home/radar/.profile ###
### Installing system packages ###
zypper install -y gcc
Retrieving repository 'Update repository with updates from SUSE Linux Enterprise 15' metadata [...........................................................................................................................................................................................................................................................................................................................................................................................................................................................................................................................................................................................................................................................................................................................................................................................................................................................................................................................................................done]
Building repository 'Update repository with updates from SUSE Linux Enterprise 15' cache [....done]
Loading repository data...
Reading installed packages...
Resolving package dependencies...

The following 14 NEW packages are going to be installed:
  gcc gcc7 glibc-devel libasan4 libatomic1 libcilkrts5 libitm1 liblsan0 libmpx2 libmpxwrappers2 libtsan0 libubsan0 libxcrypt-devel linux-glibc-devel

14 new packages to install.
Overall download size: 22.8 MiB. Already cached: 0 B. After the operation, additional 84.1 MiB will be used.

Backend:  classic_rpmtrans
Continue? [y/n/v/...? shows all options] (y): y
Retrieving: libmpx2-8.2.1+r264010-150000.1.6.4.x86_64 (Main Repository) (1/14),  19.4 KiB    
Retrieving: libmpx2-8.2.1+r264010-150000.1.6.4.x86_64.rpm [.done]
Retrieving: libmpxwrappers2-8.2.1+r264010-150000.1.6.4.x86_64 (Main Repository) (2/14),  18.1 KiB    
Retrieving: libmpxwrappers2-8.2.1+r264010-150000.1.6.4.x86_64.rpm [.done]
Retrieving: libtsan0-11.3.0+git1637-150000.1.11.2.x86_64 (Main Repository) (3/14), 328.9 KiB    
Retrieving: libtsan0-11.3.0+git1637-150000.1.11.2.x86_64.rpm [.......................done (1.5 MiB/s)]
Retrieving: libxcrypt-devel-4.4.15-150300.4.7.1.x86_64 (Main Repository) (4/14),  32.6 KiB    
Retrieving: libxcrypt-devel-4.4.15-150300.4.7.1.x86_64.rpm [.done]
Retrieving: linux-glibc-devel-6.4-150600.2.17.x86_64 (Main Repository) (5/14),   1.2 MiB    
Retrieving: linux-glibc-devel-6.4-150600.2.17.x86_64.rpm [..done (6.7 MiB/s)]
Retrieving: libasan4-7.5.0+r278197-150000.4.44.1.x86_64 (Update repository with updates from SUSE Linux Enterprise 15) (6/14), 364.1 KiB    
Retrieving: libasan4-7.5.0+r278197-150000.4.44.1.x86_64.rpm [....done (1.3 MiB/s)]
Retrieving: libatomic1-14.3.0+git11799-150000.1.11.1.x86_64 (Update repository with updates from SUSE Linux Enterprise 15) (7/14),  24.3 KiB    
Retrieving: libatomic1-14.3.0+git11799-150000.1.11.1.x86_64.rpm [.done]
Retrieving: libcilkrts5-7.5.0+r278197-150000.4.44.1.x86_64 (Update repository with updates from SUSE Linux Enterprise 15) (8/14),  67.5 KiB    
Retrieving: libcilkrts5-7.5.0+r278197-150000.4.44.1.x86_64.rpm [.done]
Retrieving: libitm1-14.3.0+git11799-150000.1.11.1.x86_64 (Update repository with updates from SUSE Linux Enterprise 15) (9/14),  40.2 KiB    
Retrieving: libitm1-14.3.0+git11799-150000.1.11.1.x86_64.rpm [......................done]
Retrieving: liblsan0-14.3.0+git11799-150000.1.11.1.x86_64 (Update repository with updates from SUSE Linux Enterprise 15) (10/14), 197.4 KiB    
Retrieving: liblsan0-14.3.0+git11799-150000.1.11.1.x86_64.rpm [..done (1.2 MiB/s)]
Retrieving: libubsan0-7.5.0+r278197-150000.4.44.1.x86_64 (Update repository with updates from SUSE Linux Enterprise 15) (11/14), 140.7 KiB    
Retrieving: libubsan0-7.5.0+r278197-150000.4.44.1.x86_64.rpm [.......................done (2.4 MiB/s)]
Retrieving: glibc-devel-2.38-150600.14.37.1.x86_64 (Update repository with updates from SUSE Linux Enterprise 15) (12/14), 650.4 KiB    
Retrieving: glibc-devel-2.38-150600.14.37.1.x86_64.rpm [.done]
Retrieving: gcc7-7.5.0+r278197-150000.4.41.1.x86_64 (Main Repository) (13/14),  19.7 MiB    
Retrieving: gcc7-7.5.0+r278197-150000.4.41.1.x86_64.rpm [....................................................................................................................................................................................................................done (962.0 KiB/s)]
Retrieving: gcc-7-3.9.1.x86_64 (Main Repository) (14/14),  10.4 KiB    
Retrieving: gcc-7-3.9.1.x86_64.rpm [..done]

Checking for file conflicts: [....done]
( 1/14) Installing: libmpx2-8.2.1+r264010-150000.1.6.4.x86_64 [..done]
( 2/14) Installing: libmpxwrappers2-8.2.1+r264010-150000.1.6.4.x86_64 [..done]
( 3/14) Installing: libtsan0-11.3.0+git1637-150000.1.11.2.x86_64 [..done]
( 4/14) Installing: libxcrypt-devel-4.4.15-150300.4.7.1.x86_64 [..done]
( 5/14) Installing: linux-glibc-devel-6.4-150600.2.17.x86_64 [....done]
( 6/14) Installing: libasan4-7.5.0+r278197-150000.4.44.1.x86_64 [..done]
( 7/14) Installing: libatomic1-14.3.0+git11799-150000.1.11.1.x86_64 [..done]
( 8/14) Installing: libcilkrts5-7.5.0+r278197-150000.4.44.1.x86_64 [..done]
( 9/14) Installing: libitm1-14.3.0+git11799-150000.1.11.1.x86_64 [..done]
(10/14) Installing: liblsan0-14.3.0+git11799-150000.1.11.1.x86_64 [..done]
(11/14) Installing: libubsan0-7.5.0+r278197-150000.4.44.1.x86_64 [..done]
(12/14) Installing: glibc-devel-2.38-150600.14.37.1.x86_64 [...done]
(13/14) Installing: gcc7-7.5.0+r278197-150000.4.41.1.x86_64 [........................done]
(14/14) Installing: gcc-7-3.9.1.x86_64 [..done]

zypper install -y gcc-c++
Loading repository data...
Reading installed packages...
Resolving package dependencies...

The following 3 NEW packages are going to be installed:
  gcc7-c++ gcc-c++ libstdc++6-devel-gcc7

3 new packages to install.
Overall download size: 15.5 MiB. Already cached: 0 B. After the operation, additional 59.6 MiB will be used.

Backend:  classic_rpmtrans
Continue? [y/n/v/...? shows all options] (y): y
Retrieving: libstdc++6-devel-gcc7-7.5.0+r278197-150000.4.41.1.x86_64 (Main Repository) (1/3),   6.7 MiB    
Retrieving: libstdc++6-devel-gcc7-7.5.0+r278197-150000.4.41.1.x86_64.rpm [...................................................done (1.2 MiB/s)]
Retrieving: gcc7-c++-7.5.0+r278197-150000.4.41.1.x86_64 (Main Repository) (2/3),   8.9 MiB    
Retrieving: gcc7-c++-7.5.0+r278197-150000.4.41.1.x86_64.rpm [...............................................................................................................done (931.7 KiB/s)]
Retrieving: gcc-c++-7-3.9.1.x86_64 (Main Repository) (3/3),   9.2 KiB    
Retrieving: gcc-c++-7-3.9.1.x86_64.rpm [..done (2.3 KiB/s)]

Checking for file conflicts: [...done]
(1/3) Installing: libstdc++6-devel-gcc7-7.5.0+r278197-150000.4.41.1.x86_64 [...........done]
(2/3) Installing: gcc7-c++-7.5.0+r278197-150000.4.41.1.x86_64 [...........done]
(3/3) Installing: gcc-c++-7-3.9.1.x86_64 [..done]

zypper install -y git
Loading repository data...
Reading installed packages...
'git' is already installed.
No update candidate for 'git-2.51.0-150600.3.12.1.x86_64'. The highest available version is already installed.
Resolving package dependencies...
Nothing to do.

zypper install -y scons
Loading repository data...
Reading installed packages...
Resolving package dependencies...

The following NEW package is going to be installed:
  scons

1 new package to install.
Overall download size: 973.7 KiB. Already cached: 0 B. After the operation, additional 5.7 MiB will be used.

Backend:  classic_rpmtrans
Continue? [y/n/v/...? shows all options] (y): y
Retrieving: scons-3.1.2-2.13.x86_64 (Main Repository) (1/1), 973.7 KiB    
Retrieving: scons-3.1.2-2.13.x86_64.rpm [...done (283.5 KiB/s)]

Checking for file conflicts: [..done]
(1/1) Installing: scons-3.1.2-2.13.x86_64 [...done]

zypper install -y gdb
Loading repository data...
Reading installed packages...
Resolving package dependencies...

The following recommended package was automatically selected:
  ctags

The following package is suggested, but will not be installed:
  python3-Pygments

The following 7 NEW packages are going to be installed:
  babeltrace ctags gdb libboost_regex1_66_0 libdebuginfod1 libsource-highlight4 libstdc++6-pp

7 new packages to install.
Overall download size: 5.8 MiB. Already cached: 0 B. After the operation, additional 18.7 MiB will be used.

Backend:  classic_rpmtrans
Continue? [y/n/v/...? shows all options] (y): y
Retrieving: babeltrace-1.5.8-150300.3.2.1.x86_64 (Main Repository) (1/7), 203.7 KiB    
Retrieving: babeltrace-1.5.8-150300.3.2.1.x86_64.rpm [...done (414.1 KiB/s)]
Retrieving: ctags-5.8-150000.3.3.1.x86_64 (Main Repository) (2/7), 141.6 KiB    
Retrieving: ctags-5.8-150000.3.3.1.x86_64.rpm [...done (3.0 MiB/s)]
Retrieving: libdebuginfod1-0.185-150400.5.3.1.x86_64 (Main Repository) (3/7),  24.5 KiB    
Retrieving: libdebuginfod1-0.185-150400.5.3.1.x86_64.rpm [...done (2.3 KiB/s)]
Retrieving: libstdc++6-pp-13.2.1+git8285-150000.1.9.1.x86_64 (Main Repository) (4/7),  43.6 KiB    
Retrieving: libstdc++6-pp-13.2.1+git8285-150000.1.9.1.x86_64.rpm [...done]
Retrieving: libboost_regex1_66_0-1.66.0-150200.12.7.1.x86_64 (Update repository with updates from SUSE Linux Enterprise 15) (5/7), 265.4 KiB    
Retrieving: libboost_regex1_66_0-1.66.0-150200.12.7.1.x86_64.rpm [...done (82.6 KiB/s)]
Retrieving: libsource-highlight4-3.1.9-150000.3.7.1.x86_64 (Main Repository) (6/7), 237.3 KiB    
Retrieving: libsource-highlight4-3.1.9-150000.3.7.1.x86_64.rpm [..done]
Retrieving: gdb-14.2-150400.15.23.1.x86_64 (Update repository with updates from SUSE Linux Enterprise 15) (7/7),   4.9 MiB    
Retrieving: gdb-14.2-150400.15.23.1.x86_64.rpm [.....................................done (1.2 MiB/s)]

Checking for file conflicts: [....done]
(1/7) Installing: babeltrace-1.5.8-150300.3.2.1.x86_64 [..done]
(2/7) Installing: ctags-5.8-150000.3.3.1.x86_64 [..
update-alternatives: using /usr/bin/ctags-exuberant to provide /usr/bin/ctags (ctags) in auto mode
done]
(3/7) Installing: libdebuginfod1-0.185-150400.5.3.1.x86_64 [..done]
(4/7) Installing: libstdc++6-pp-13.2.1+git8285-150000.1.9.1.x86_64 [..done]
(5/7) Installing: libboost_regex1_66_0-1.66.0-150200.12.7.1.x86_64 [..done]
(6/7) Installing: libsource-highlight4-3.1.9-150000.3.7.1.x86_64 [..done]
(7/7) Installing: gdb-14.2-150400.15.23.1.x86_64 [.......done]

zypper install -y jq
Loading repository data...
Reading installed packages...
Resolving package dependencies...

The following 3 NEW packages are going to be installed:
  jq libjq1 libonig4

3 new packages to install.
Overall download size: 307.7 KiB. Already cached: 0 B. After the operation, additional 896.2 KiB will be used.

Backend:  classic_rpmtrans
Continue? [y/n/v/...? shows all options] (y): y
Retrieving: libonig4-6.7.0-150000.3.6.1.x86_64 (Update repository with updates from SUSE Linux Enterprise 15) (1/3), 127.6 KiB    
Retrieving: libonig4-6.7.0-150000.3.6.1.x86_64.rpm [...done (268.2 KiB/s)]
Retrieving: libjq1-1.6-150000.3.9.1.x86_64 (Update repository with updates from SUSE Linux Enterprise 15) (2/3), 116.5 KiB    
Retrieving: libjq1-1.6-150000.3.9.1.x86_64.rpm [..done]
Retrieving: jq-1.6-150000.3.9.1.x86_64 (Update repository with updates from SUSE Linux Enterprise 15) (3/3),  63.5 KiB    
Retrieving: jq-1.6-150000.3.9.1.x86_64.rpm [...done]

Checking for file conflicts: [...done]
(1/3) Installing: libonig4-6.7.0-150000.3.6.1.x86_64 [..done]
(2/3) Installing: libjq1-1.6-150000.3.9.1.x86_64 [..done]
(3/3) Installing: jq-1.6-150000.3.9.1.x86_64 [..done]

zypper install -y at
Loading repository data...
Reading installed packages...
Resolving package dependencies...

The following 2 NEW packages are going to be installed:
  at libHX28

2 new packages to install.
Overall download size: 107.5 KiB. Already cached: 0 B. After the operation, additional 186.5 KiB will be used.

Backend:  classic_rpmtrans
Continue? [y/n/v/...? shows all options] (y): y
Retrieving: libHX28-3.22-1.26.x86_64 (Main Repository) (1/2),  43.6 KiB    
Retrieving: libHX28-3.22-1.26.x86_64.rpm [...done]
Retrieving: at-3.2.2-150400.4.3.10.x86_64 (Main Repository) (2/2),  63.8 KiB    
Retrieving: at-3.2.2-150400.4.3.10.x86_64.rpm [...done]

Checking for file conflicts: [...done]
(1/2) Installing: libHX28-3.22-1.26.x86_64 [..done]
(2/2) Installing: at-3.2.2-150400.4.3.10.x86_64 [..
/usr/sbin/groupadd -r -g 25 at
/usr/sbin/useradd -r -c Batch jobs daemon -d /var/spool/atjobs -g at -u 25 at -s /usr/sbin/nologin
.
Updating /etc/sysconfig/atd ...
setting /usr/bin/at to root:trusted 4755. (wrong permissions 4750)
done]

zypper install -y mutt
Loading repository data...
Reading installed packages...
Resolving package dependencies...

The following 8 recommended packages were automatically selected:
  hunspell hunspell-tools mutt-doc mutt-lang perl-Expect urlscan urlview w3m

The following 13 NEW packages are going to be installed:
  hunspell hunspell-tools libgc1 libkyotocabinet16 mutt mutt-doc mutt-lang perl-Expect perl-IO-Tty python3-urwid urlscan urlview w3m

13 new packages to install.
Overall download size: 4.1 MiB. Already cached: 0 B. After the operation, additional 14.7 MiB will be used.

Backend:  classic_rpmtrans
Continue? [y/n/v/...? shows all options] (y): y
Retrieving: hunspell-1.7.2-150600.1.3.x86_64 (Main Repository) (1/13),  80.9 KiB    
Retrieving: hunspell-1.7.2-150600.1.3.x86_64.rpm [...done]
Retrieving: hunspell-tools-1.7.2-150600.1.3.x86_64 (Main Repository) (2/13),  48.9 KiB    
Retrieving: hunspell-tools-1.7.2-150600.1.3.x86_64.rpm [...done]
Retrieving: libgc1-7.6.4-1.16.x86_64 (Main Repository) (3/13),  90.1 KiB    
Retrieving: libgc1-7.6.4-1.16.x86_64.rpm [...done]
Retrieving: libkyotocabinet16-1.2.77-4.3.1.x86_64 (Main Repository) (4/13), 273.3 KiB    
Retrieving: libkyotocabinet16-1.2.77-4.3.1.x86_64.rpm [...done (584.9 KiB/s)]
Retrieving: perl-IO-Tty-1.12-1.28.x86_64 (Main Repository) (5/13),  44.2 KiB    
Retrieving: perl-IO-Tty-1.12-1.28.x86_64.rpm [...done]
Retrieving: python3-urwid-2.0.1-1.15.x86_64 (Main Repository) (6/13), 370.6 KiB    
Retrieving: python3-urwid-2.0.1-1.15.x86_64.rpm [...done (478.6 KiB/s)]
Retrieving: urlview-0.9-bp156.666.5.x86_64 (Main Repository) (7/13),  27.8 KiB    
Retrieving: urlview-0.9-bp156.666.5.x86_64.rpm [...done]
Retrieving: w3m-0.5.3+git20230121-150600.16.3.x86_64 (Main Repository) (8/13), 897.8 KiB    
Retrieving: w3m-0.5.3+git20230121-150600.16.3.x86_64.rpm [...done (4.6 MiB/s)]
Retrieving: perl-Expect-1.35-1.23.noarch (Main Repository) (9/13),  69.0 KiB    
Retrieving: perl-Expect-1.35-1.23.noarch.rpm [...done]
Retrieving: urlscan-0.9.10-bp156.2.1.noarch (Main Repository) (10/13),  63.7 KiB    
Retrieving: urlscan-0.9.10-bp156.2.1.noarch.rpm [...done]
Retrieving: mutt-2.2.12-150600.1.8.x86_64 (Main Repository) (11/13), 857.1 KiB    
Retrieving: mutt-2.2.12-150600.1.8.x86_64.rpm [....done (4.8 MiB/s)]
Retrieving: mutt-lang-2.2.12-150600.1.8.noarch (Main Repository) (12/13), 553.2 KiB    
Retrieving: mutt-lang-2.2.12-150600.1.8.noarch.rpm [......done (1.2 MiB/s)]
Retrieving: mutt-doc-2.2.12-150600.1.8.noarch (Main Repository) (13/13), 870.6 KiB    
Retrieving: mutt-doc-2.2.12-150600.1.8.noarch.rpm [...........done (1.0 MiB/s)]

Checking for file conflicts: [...done]
( 1/13) Installing: hunspell-1.7.2-150600.1.3.x86_64 [..done]
( 2/13) Installing: hunspell-tools-1.7.2-150600.1.3.x86_64 [..done]
( 3/13) Installing: libgc1-7.6.4-1.16.x86_64 [..done]
( 4/13) Installing: libkyotocabinet16-1.2.77-4.3.1.x86_64 [..done]
( 5/13) Installing: perl-IO-Tty-1.12-1.28.x86_64 [..done]
( 6/13) Installing: python3-urwid-2.0.1-1.15.x86_64 [..done]
( 7/13) Installing: urlview-0.9-bp156.666.5.x86_64 [..done]
( 8/13) Installing: w3m-0.5.3+git20230121-150600.16.3.x86_64 [...done]
( 9/13) Installing: perl-Expect-1.35-1.23.noarch [..done]
(10/13) Installing: urlscan-0.9.10-bp156.2.1.noarch [..done]
(11/13) Installing: mutt-2.2.12-150600.1.8.x86_64 [..done]
(12/13) Installing: mutt-lang-2.2.12-150600.1.8.noarch [..done]
(13/13) Installing: mutt-doc-2.2.12-150600.1.8.noarch [...done]

zypper install -y hdf5
Loading repository data...
Reading installed packages...
Resolving package dependencies...

The following 7 NEW packages are going to be installed:
  hdf5 libhdf5-103 libhdf5_cpp103 libhdf5_fortran102 libhdf5_hl100 libhdf5_hl_cpp100 libhdf5hl_fortran100

7 new packages to install.
Overall download size: 2.0 MiB. Already cached: 0 B. After the operation, additional 7.2 MiB will be used.

Backend:  classic_rpmtrans
Continue? [y/n/v/...? shows all options] (y): y
Retrieving: libhdf5-103-1.10.8-150400.3.9.2.x86_64 (Main Repository) (1/7),   1.2 MiB    
Retrieving: libhdf5-103-1.10.8-150400.3.9.2.x86_64.rpm [....done (6.3 MiB/s)]
Retrieving: libhdf5_hl100-1.10.8-150400.3.9.2.x86_64 (Main Repository) (2/7),  82.6 KiB    
Retrieving: libhdf5_hl100-1.10.8-150400.3.9.2.x86_64.rpm [...done (2.3 KiB/s)]
Retrieving: libhdf5_fortran102-1.10.8-150400.3.9.2.x86_64 (Main Repository) (3/7), 105.0 KiB    
Retrieving: libhdf5_fortran102-1.10.8-150400.3.9.2.x86_64.rpm [..done]
Retrieving: libhdf5_cpp103-1.10.8-150400.3.9.2.x86_64 (Main Repository) (4/7), 135.5 KiB    
Retrieving: libhdf5_cpp103-1.10.8-150400.3.9.2.x86_64.rpm [..done]
Retrieving: libhdf5_hl_cpp100-1.10.8-150400.3.9.2.x86_64 (Main Repository) (5/7),  41.7 KiB    
Retrieving: libhdf5_hl_cpp100-1.10.8-150400.3.9.2.x86_64.rpm [...done]
Retrieving: libhdf5hl_fortran100-1.10.8-150400.3.9.2.x86_64 (Main Repository) (6/7),  58.7 KiB    
Retrieving: libhdf5hl_fortran100-1.10.8-150400.3.9.2.x86_64.rpm [...done]
Retrieving: hdf5-1.10.8-150400.3.9.2.x86_64 (Main Repository) (7/7), 456.9 KiB    
Retrieving: hdf5-1.10.8-150400.3.9.2.x86_64.rpm [...done (4.2 MiB/s)]

Checking for file conflicts: [...done]
(1/7) Installing: libhdf5-103-1.10.8-150400.3.9.2.x86_64 [...done]
(2/7) Installing: libhdf5_hl100-1.10.8-150400.3.9.2.x86_64 [..done]
(3/7) Installing: libhdf5_fortran102-1.10.8-150400.3.9.2.x86_64 [..done]
(4/7) Installing: libhdf5_cpp103-1.10.8-150400.3.9.2.x86_64 [..done]
(5/7) Installing: libhdf5_hl_cpp100-1.10.8-150400.3.9.2.x86_64 [..done]
(6/7) Installing: libhdf5hl_fortran100-1.10.8-150400.3.9.2.x86_64 [..done]
(7/7) Installing: hdf5-1.10.8-150400.3.9.2.x86_64 [..done]

zypper install -y autoconf
Loading repository data...
Reading installed packages...
Resolving package dependencies...

The following 3 NEW packages are going to be installed:
  autoconf m4 site-config

3 new packages to install.
Overall download size: 927.9 KiB. Already cached: 0 B. After the operation, additional 2.5 MiB will be used.

Backend:  classic_rpmtrans
Continue? [y/n/v/...? shows all options] (y): y
Retrieving: m4-1.4.18-4.3.1.x86_64 (Main Repository) (1/3), 199.7 KiB    
Retrieving: m4-1.4.18-4.3.1.x86_64.rpm [...done (410.1 KiB/s)]
Retrieving: site-config-0.2-bp156.3.1.x86_64 (Main Repository) (2/3),  17.0 KiB    
Retrieving: site-config-0.2-bp156.3.1.x86_64.rpm [...done (924 B/s)]
Retrieving: autoconf-2.69-1.445.noarch (Main Repository) (3/3), 711.1 KiB    
Retrieving: autoconf-2.69-1.445.noarch.rpm [...done (6.0 MiB/s)]

Checking for file conflicts: [...done]
(1/3) Installing: m4-1.4.18-4.3.1.x86_64 [..done]
(2/3) Installing: site-config-0.2-bp156.3.1.x86_64 [..done]
(3/3) Installing: autoconf-2.69-1.445.noarch [..done]

zypper install -y automake
Loading repository data...
Reading installed packages...
Resolving package dependencies...

The following NEW package is going to be installed:
  automake

1 new package to install.
Overall download size: 817.7 KiB. Already cached: 0 B. After the operation, additional 2.5 MiB will be used.

Backend:  classic_rpmtrans
Continue? [y/n/v/...? shows all options] (y): y
Retrieving: automake-1.15.1-150000.4.13.2.noarch (Update repository with updates from SUSE Linux Enterprise 15) (1/1), 817.7 KiB    
Retrieving: automake-1.15.1-150000.4.13.2.noarch.rpm [....done (1.4 MiB/s)]

Checking for file conflicts: [...done]
(1/1) Installing: automake-1.15.1-150000.4.13.2.noarch [...done]

zypper install -y libtool
Loading repository data...
Reading installed packages...
Resolving package dependencies...

The following NEW package is going to be installed:
  libtool

1 new package to install.
Overall download size: 747.5 KiB. Already cached: 0 B. After the operation, additional 3.5 MiB will be used.

Backend:  classic_rpmtrans
Continue? [y/n/v/...? shows all options] (y): y
Retrieving: libtool-2.4.6-150000.3.8.1.x86_64 (Update repository with updates from SUSE Linux Enterprise 15) (1/1), 747.5 KiB    
Retrieving: libtool-2.4.6-150000.3.8.1.x86_64.rpm [...done (201.8 KiB/s)]

Checking for file conflicts: [...done]
(1/1) Installing: libtool-2.4.6-150000.3.8.1.x86_64 [...done]

zypper install -y python3-mako
Loading repository data...
Reading installed packages...
'python3-mako' not found in package names. Trying capabilities.
Resolving package dependencies...

The following 7 recommended packages were automatically selected:
  python3-Beaker python3-hiredis python3-pycryptodome python3-pymongo python3-python-memcached python3-redis python3-SQLAlchemy

The following 17 NEW packages are going to be installed:
  libevent-2_1-8 libhiredis1_1_0 libmemcached11 libmemcachedutil2 memcached python3-Beaker python3-hiredis python3-Mako python3-MarkupSafe python3-pycryptodome python3-pylibmc python3-pymongo python3-python-memcached python3-redis python3-SQLAlchemy valkey valkey-compat-redis

17 new packages to install.
Overall download size: 11.6 MiB. Already cached: 0 B. After the operation, additional 50.0 MiB will be used.

Backend:  classic_rpmtrans
Continue? [y/n/v/...? shows all options] (y): y
Retrieving: libevent-2_1-8-2.1.8-2.23.x86_64 (Main Repository) (1/17), 262.5 KiB    
Retrieving: libevent-2_1-8-2.1.8-2.23.x86_64.rpm [...done (1.0 MiB/s)]
Retrieving: libhiredis1_1_0-1.1.0-bp156.2.7.x86_64 (Main Repository) (2/17),  45.0 KiB    
Retrieving: libhiredis1_1_0-1.1.0-bp156.2.7.x86_64.rpm [...done (2.3 KiB/s)]
Retrieving: libmemcached11-1.1.4-150600.2.2.x86_64 (Main Repository) (3/17),  73.6 KiB    
Retrieving: libmemcached11-1.1.4-150600.2.2.x86_64.rpm [...done (2.3 KiB/s)]
Retrieving: libmemcachedutil2-1.1.4-150600.2.2.x86_64 (Main Repository) (4/17),  29.9 KiB    
Retrieving: libmemcachedutil2-1.1.4-150600.2.2.x86_64.rpm [...done (2.3 KiB/s)]
Retrieving: python3-MarkupSafe-1.0-1.29.x86_64 (Main Repository) (5/17),  29.1 KiB    
Retrieving: python3-MarkupSafe-1.0-1.29.x86_64.rpm [...done (1.4 KiB/s)]
Retrieving: python3-SQLAlchemy-1.3.22-2.1.x86_64 (Main Repository) (6/17),   1.7 MiB    
Retrieving: python3-SQLAlchemy-1.3.22-2.1.x86_64.rpm [....done (6.5 MiB/s)]
Retrieving: python3-pycryptodome-3.9.0-150200.9.1.x86_64 (Main Repository) (7/17),   7.0 MiB    
Retrieving: python3-pycryptodome-3.9.0-150200.9.1.x86_64.rpm [...............................................................................done (934.6 KiB/s)]
Retrieving: memcached-1.5.6-4.7.1.x86_64 (Main Repository) (8/17),  98.4 KiB    
Retrieving: memcached-1.5.6-4.7.1.x86_64.rpm [...done (1.4 MiB/s)]
Retrieving: python3-hiredis-2.0.0-bp156.2.4.x86_64 (Main Repository) (9/17),  21.5 KiB    
Retrieving: python3-hiredis-2.0.0-bp156.2.4.x86_64.rpm [...done (2.3 KiB/s)]
Retrieving: python3-pylibmc-1.6.1-1.26.x86_64 (Main Repository) (10/17),  45.6 KiB    
Retrieving: python3-pylibmc-1.6.1-1.26.x86_64.rpm [...done]
Retrieving: python3-python-memcached-1.59-3.7.1.noarch (Main Repository) (11/17),  40.0 KiB    
Retrieving: python3-python-memcached-1.59-3.7.1.noarch.rpm [...done (2.3 KiB/s)]
Retrieving: python3-pymongo-3.11.0-150300.3.3.1.x86_64 (Update repository with updates from SUSE Linux Enterprise 15) (12/17), 529.6 KiB    
Retrieving: python3-pymongo-3.11.0-150300.3.3.1.x86_64.rpm [...done (200.2 KiB/s)]
Retrieving: valkey-8.0.2-150600.13.14.1.x86_64 (Update repository with updates from SUSE Linux Enterprise 15) (13/17),   1.3 MiB    
Retrieving: valkey-8.0.2-150600.13.14.1.x86_64.rpm [........done (1.4 MiB/s)]
Retrieving: valkey-compat-redis-8.0.2-150600.13.14.1.noarch (Update repository with updates from SUSE Linux Enterprise 15) (14/17),  15.3 KiB    
Retrieving: valkey-compat-redis-8.0.2-150600.13.14.1.noarch.rpm [...done]
Retrieving: python3-redis-3.4.1-3.5.1.noarch (Main Repository) (15/17), 148.4 KiB    
Retrieving: python3-redis-3.4.1-3.5.1.noarch.rpm [..done]
Retrieving: python3-Beaker-1.11.0-bp156.3.2.noarch (Main Repository) (16/17), 111.0 KiB    
Retrieving: python3-Beaker-1.11.0-bp156.3.2.noarch.rpm [..done (864 B/s)]
Retrieving: python3-Mako-1.0.7-150600.1.2.noarch (Main Repository) (17/17), 147.5 KiB    
Retrieving: python3-Mako-1.0.7-150600.1.2.noarch.rpm [..done]

Checking for file conflicts: [....done]
( 1/17) Installing: libevent-2_1-8-2.1.8-2.23.x86_64 [..done]
( 2/17) Installing: libhiredis1_1_0-1.1.0-bp156.2.7.x86_64 [..done]
( 3/17) Installing: libmemcached11-1.1.4-150600.2.2.x86_64 [..done]
( 4/17) Installing: libmemcachedutil2-1.1.4-150600.2.2.x86_64 [..done]
( 5/17) Installing: python3-MarkupSafe-1.0-1.29.x86_64 [..done]
( 6/17) Installing: python3-SQLAlchemy-1.3.22-2.1.x86_64 [.....done]
( 7/17) Installing: python3-pycryptodome-3.9.0-150200.9.1.x86_64 [...........done]
( 8/17) Installing: memcached-1.5.6-4.7.1.x86_64 [...
Updating /etc/sysconfig/memcached ...
done]
( 9/17) Installing: python3-hiredis-2.0.0-bp156.2.4.x86_64 [..done]
(10/17) Installing: python3-pylibmc-1.6.1-1.26.x86_64 [..done]
(11/17) Installing: python3-python-memcached-1.59-3.7.1.noarch [..done]
(12/17) Installing: python3-pymongo-3.11.0-150300.3.3.1.x86_64 [...done]
(13/17) Installing: valkey-8.0.2-150600.13.14.1.x86_64 [..
/usr/sbin/useradd -r -c User for valkey key-value store -d /var/lib/valkey -U valkey -s /usr/sbin/nologin
..
See /usr/share/doc/packages/valkey/README.SUSE to continue
done]
(14/17) Installing: valkey-compat-redis-8.0.2-150600.13.14.1.noarch [..
find: '/etc/redis': No such file or directory
find: '/etc/systemd/system/redis.target.wants': No such file or directory
find: '/etc/systemd/system/redis.target.wants': No such file or directory
done]
(15/17) Installing: python3-redis-3.4.1-3.5.1.noarch [..done]
(16/17) Installing: python3-Beaker-1.11.0-bp156.3.2.noarch [..done]
(17/17) Installing: python3-Mako-1.0.7-150600.1.2.noarch [..done]

zypper install -y cmake
Loading repository data...
Reading installed packages...
Resolving package dependencies...

The following recommended package was automatically selected:
  make-lang

The following 7 NEW packages are going to be installed:
  cmake cmake-full cmake-man libjsoncpp19 librhash0 make make-lang

7 new packages to install.
Overall download size: 15.4 MiB. Already cached: 0 B. After the operation, additional 52.3 MiB will be used.

Backend:  classic_rpmtrans
Continue? [y/n/v/...? shows all options] (y): y
Retrieving: cmake-man-3.28.3-150600.1.2.x86_64 (Main Repository) (1/7), 845.4 KiB    
Retrieving: cmake-man-3.28.3-150600.1.2.x86_64.rpm [...done (773.0 KiB/s)]
Retrieving: libjsoncpp19-1.8.4-1.17.x86_64 (Main Repository) (2/7),  77.1 KiB    
Retrieving: libjsoncpp19-1.8.4-1.17.x86_64.rpm [...done]
Retrieving: librhash0-1.3.5-1.25.x86_64 (Main Repository) (3/7),  84.7 KiB    
Retrieving: librhash0-1.3.5-1.25.x86_64.rpm [..done]
Retrieving: make-4.2.1-7.3.2.x86_64 (Main Repository) (4/7), 281.7 KiB    
Retrieving: make-4.2.1-7.3.2.x86_64.rpm [..done]
Retrieving: make-lang-4.2.1-7.3.2.noarch (Main Repository) (5/7), 164.0 KiB    
Retrieving: make-lang-4.2.1-7.3.2.noarch.rpm [..done]
Retrieving: cmake-full-3.28.3-150600.1.2.x86_64 (Main Repository) (6/7),  13.9 MiB    
Retrieving: cmake-full-3.28.3-150600.1.2.x86_64.rpm [.....................................................................................................................................................done (951.5 KiB/s)]
Retrieving: cmake-3.28.3-150600.1.1.x86_64 (Main Repository) (7/7), 105.4 KiB    
Retrieving: cmake-3.28.3-150600.1.1.x86_64.rpm [..done (2.3 KiB/s)]

Checking for file conflicts: [...done]
(1/7) Installing: cmake-man-3.28.3-150600.1.2.x86_64 [..done]
(2/7) Installing: libjsoncpp19-1.8.4-1.17.x86_64 [..done]
(3/7) Installing: librhash0-1.3.5-1.25.x86_64 [..done]
(4/7) Installing: make-4.2.1-7.3.2.x86_64 [..done]
(5/7) Installing: make-lang-4.2.1-7.3.2.noarch [..done]
(6/7) Installing: cmake-full-3.28.3-150600.1.2.x86_64 [....................done]
(7/7) Installing: cmake-3.28.3-150600.1.1.x86_64 [..done]

zypper install -y pps-tools
Loading repository data...
Reading installed packages...
Resolving package dependencies...

The following NEW package is going to be installed:
  pps-tools

1 new package to install.
Overall download size: 20.0 KiB. Already cached: 0 B. After the operation, additional 38.6 KiB will be used.

Backend:  classic_rpmtrans
Continue? [y/n/v/...? shows all options] (y): y
Retrieving: pps-tools-0.0.0+git.20120407-1.27.x86_64 (Main Repository) (1/1),  20.0 KiB    
Retrieving: pps-tools-0.0.0+git.20120407-1.27.x86_64.rpm [...done]

Checking for file conflicts: [..done]
(1/1) Installing: pps-tools-0.0.0+git.20120407-1.27.x86_64 [..done]

zypper install -y libusb-1_0-devel
Loading repository data...
Reading installed packages...
Resolving package dependencies...

The following NEW package is going to be installed:
  libusb-1_0-devel

1 new package to install.
Overall download size: 29.2 KiB. Already cached: 0 B. After the operation, additional 77.6 KiB will be used.

Backend:  classic_rpmtrans
Continue? [y/n/v/...? shows all options] (y): y
Retrieving: libusb-1_0-devel-1.0.24-150400.3.3.1.x86_64 (Main Repository) (1/1),  29.2 KiB    
Retrieving: libusb-1_0-devel-1.0.24-150400.3.3.1.x86_64.rpm [..done]

Checking for file conflicts: [..done]
(1/1) Installing: libusb-1_0-devel-1.0.24-150400.3.3.1.x86_64 [..done]

zypper install -y libX11-devel
Loading repository data...
Reading installed packages...
Resolving package dependencies...

The following 14 NEW packages are going to be installed:
  kbproto-devel libX11-devel libXau-devel libxcb-composite0 libxcb-damage0 libxcb-devel libxcb-dpms0 libxcb-record0 libxcb-screensaver0 libxcb-xf86dri0 libxcb-xtest0 libxcb-xvmc0 pthread-stubs-devel xproto-devel

14 new packages to install.
Overall download size: 2.0 MiB. Already cached: 0 B. After the operation, additional 11.6 MiB will be used.

Backend:  classic_rpmtrans
Continue? [y/n/v/...? shows all options] (y): y
Retrieving: pthread-stubs-devel-0.4-1.25.x86_64 (Main Repository) (1/14),   9.0 KiB    
Retrieving: pthread-stubs-devel-0.4-1.25.x86_64.rpm [..done]
Retrieving: xproto-devel-7.0.31-1.22.x86_64 (Main Repository) (2/14), 156.1 KiB    
Retrieving: xproto-devel-7.0.31-1.22.x86_64.rpm [...done (764.4 KiB/s)]
Retrieving: libXau-devel-1.0.8-1.26.x86_64 (Main Repository) (3/14),  15.0 KiB    
Retrieving: libXau-devel-1.0.8-1.26.x86_64.rpm [..done]
Retrieving: kbproto-devel-1.0.7-150600.16.2.x86_64 (Main Repository) (4/14), 134.9 KiB    
Retrieving: kbproto-devel-1.0.7-150600.16.2.x86_64.rpm [..done]
Retrieving: libxcb-composite0-1.13-150000.3.11.1.x86_64 (Update repository with updates from SUSE Linux Enterprise 15) (5/14),  12.7 KiB    
Retrieving: libxcb-composite0-1.13-150000.3.11.1.x86_64.rpm [..done]
Retrieving: libxcb-damage0-1.13-150000.3.11.1.x86_64 (Update repository with updates from SUSE Linux Enterprise 15) (6/14),  12.2 KiB    
Retrieving: libxcb-damage0-1.13-150000.3.11.1.x86_64.rpm [..done (900 B/s)]
Retrieving: libxcb-dpms0-1.13-150000.3.11.1.x86_64 (Update repository with updates from SUSE Linux Enterprise 15) (7/14),  12.3 KiB    
Retrieving: libxcb-dpms0-1.13-150000.3.11.1.x86_64.rpm [..done]
Retrieving: libxcb-record0-1.13-150000.3.11.1.x86_64 (Update repository with updates from SUSE Linux Enterprise 15) (8/14),  14.2 KiB    
Retrieving: libxcb-record0-1.13-150000.3.11.1.x86_64.rpm [..done]
Retrieving: libxcb-screensaver0-1.13-150000.3.11.1.x86_64 (Update repository with updates from SUSE Linux Enterprise 15) (9/14),  13.7 KiB    
Retrieving: libxcb-screensaver0-1.13-150000.3.11.1.x86_64.rpm [..done]
Retrieving: libxcb-xf86dri0-1.13-150000.3.11.1.x86_64 (Update repository with updates from SUSE Linux Enterprise 15) (10/14),  13.6 KiB    
Retrieving: libxcb-xf86dri0-1.13-150000.3.11.1.x86_64.rpm [..done]
Retrieving: libxcb-xtest0-1.13-150000.3.11.1.x86_64 (Update repository with updates from SUSE Linux Enterprise 15) (11/14),  12.3 KiB    
Retrieving: libxcb-xtest0-1.13-150000.3.11.1.x86_64.rpm [..done]
Retrieving: libxcb-xvmc0-1.13-150000.3.11.1.x86_64 (Update repository with updates from SUSE Linux Enterprise 15) (12/14),  13.6 KiB    
Retrieving: libxcb-xvmc0-1.13-150000.3.11.1.x86_64.rpm [..done]
Retrieving: libxcb-devel-1.13-150000.3.11.1.x86_64 (Update repository with updates from SUSE Linux Enterprise 15) (13/14), 170.2 KiB    
Retrieving: libxcb-devel-1.13-150000.3.11.1.x86_64.rpm [...done (1.0 MiB/s)]
Retrieving: libX11-devel-1.8.7-150600.3.3.1.x86_64 (Update repository with updates from SUSE Linux Enterprise 15) (14/14),   1.4 MiB    
Retrieving: libX11-devel-1.8.7-150600.3.3.1.x86_64.rpm [...done (5.4 MiB/s)]

Checking for file conflicts: [...done]
( 1/14) Installing: pthread-stubs-devel-0.4-1.25.x86_64 [..done]
( 2/14) Installing: xproto-devel-7.0.31-1.22.x86_64 [..done]
( 3/14) Installing: libXau-devel-1.0.8-1.26.x86_64 [..done]
( 4/14) Installing: kbproto-devel-1.0.7-150600.16.2.x86_64 [..done]
( 5/14) Installing: libxcb-composite0-1.13-150000.3.11.1.x86_64 [..done]
( 6/14) Installing: libxcb-damage0-1.13-150000.3.11.1.x86_64 [..done]
( 7/14) Installing: libxcb-dpms0-1.13-150000.3.11.1.x86_64 [..done]
( 8/14) Installing: libxcb-record0-1.13-150000.3.11.1.x86_64 [..done]
( 9/14) Installing: libxcb-screensaver0-1.13-150000.3.11.1.x86_64 [..done]
(10/14) Installing: libxcb-xf86dri0-1.13-150000.3.11.1.x86_64 [..done]
(11/14) Installing: libxcb-xtest0-1.13-150000.3.11.1.x86_64 [..done]
(12/14) Installing: libxcb-xvmc0-1.13-150000.3.11.1.x86_64 [..done]
(13/14) Installing: libxcb-devel-1.13-150000.3.11.1.x86_64 [..done]
(14/14) Installing: libX11-devel-1.8.7-150600.3.3.1.x86_64 [....done]

zypper install -y pps-tools-devel
Loading repository data...
Reading installed packages...
Resolving package dependencies...

The following NEW package is going to be installed:
  pps-tools-devel

1 new package to install.
Overall download size: 16.1 KiB. Already cached: 0 B. After the operation, additional 23.3 KiB will be used.

Backend:  classic_rpmtrans
Continue? [y/n/v/...? shows all options] (y): y
Retrieving: pps-tools-devel-0.0.0+git.20120407-1.27.x86_64 (Main Repository) (1/1),  16.1 KiB    
Retrieving: pps-tools-devel-0.0.0+git.20120407-1.27.x86_64.rpm [...done (2.3 KiB/s)]

Checking for file conflicts: [..done]
(1/1) Installing: pps-tools-devel-0.0.0+git.20120407-1.27.x86_64 [..done]

zypper install -y net-snmp-devel
Loading repository data...
Reading installed packages...
Resolving package dependencies...

The following 3 recommended packages were automatically selected:
  bison-lang python-rpm-generators rpm-build

The following 19 NEW packages are going to be installed:
  bison bison-lang dwz gettext-tools jitterentropy-devel libopenssl-3-devel libqt5-qtdeclarative-tools libsensors4-devel libzstd-devel net-snmp-devel patch popt-devel python-rpm-generators python-rpm-macros qml-autoreqprov rpm-build rpm-devel tcpd-devel zlib-devel

19 new packages to install.
Overall download size: 5.1 MiB. Already cached: 0 B. After the operation, additional 22.0 MiB will be used.

Backend:  classic_rpmtrans
Continue? [y/n/v/...? shows all options] (y): y
Retrieving: bison-3.0.4-3.3.1.x86_64 (Main Repository) (1/19), 483.7 KiB    
Retrieving: bison-3.0.4-3.3.1.x86_64.rpm [..done (274.7 KiB/s)]
Retrieving: bison-lang-3.0.4-3.3.1.noarch (Main Repository) (2/19), 105.7 KiB    
Retrieving: bison-lang-3.0.4-3.3.1.noarch.rpm [.done]
Retrieving: jitterentropy-devel-3.4.0-150000.1.9.1.x86_64 (Main Repository) (3/19),  27.6 KiB    
Retrieving: jitterentropy-devel-3.4.0-150000.1.9.1.x86_64.rpm [...done]
Retrieving: libqt5-qtdeclarative-tools-5.15.12+kde31-150600.1.7.x86_64 (Main Repository) (4/19), 697.0 KiB    
Retrieving: libqt5-qtdeclarative-tools-5.15.12+kde31-150600.1.7.x86_64.rpm [...done (6.6 MiB/s)]
Retrieving: libsensors4-devel-3.5.0-4.6.1.x86_64 (Main Repository) (5/19),  23.3 KiB    
Retrieving: libsensors4-devel-3.5.0-4.6.1.x86_64.rpm [...done]
Retrieving: libzstd-devel-1.5.5-150600.1.3.x86_64 (Main Repository) (6/19),  72.0 KiB    
Retrieving: libzstd-devel-1.5.5-150600.1.3.x86_64.rpm [.done]
Retrieving: popt-devel-1.16-3.22.x86_64 (Main Repository) (7/19),  27.7 KiB    
Retrieving: popt-devel-1.16-3.22.x86_64.rpm [...done]
Retrieving: tcpd-devel-7.6-1.433.x86_64 (Main Repository) (8/19), 104.8 KiB    
Retrieving: tcpd-devel-7.6-1.433.x86_64.rpm [...done (71.0 KiB/s)]
Retrieving: zlib-devel-1.2.13-150500.4.3.1.x86_64 (Main Repository) (9/19), 121.3 KiB    
Retrieving: zlib-devel-1.2.13-150500.4.3.1.x86_64.rpm [.done]
Retrieving: qml-autoreqprov-1.4.1-150600.1.1.noarch (Main Repository) (10/19),  26.4 KiB    
Retrieving: qml-autoreqprov-1.4.1-150600.1.1.noarch.rpm [...done]
Retrieving: dwz-0.12-150000.3.8.1.x86_64 (Update repository with updates from SUSE Linux Enterprise 15) (11/19),  90.1 KiB    
Retrieving: dwz-0.12-150000.3.8.1.x86_64.rpm [...done (923 B/s)]
Retrieving: patch-2.7.6-150000.5.6.1.x86_64 (Update repository with updates from SUSE Linux Enterprise 15) (12/19), 117.6 KiB    
Retrieving: patch-2.7.6-150000.5.6.1.x86_64.rpm [..done (1.7 MiB/s)]
Retrieving: python-rpm-macros-20241120.6ae645f-150400.3.18.1.noarch (Update repository with updates from SUSE Linux Enterprise 15) (13/19),  44.4 KiB    
Retrieving: python-rpm-macros-20241120.6ae645f-150400.3.18.1.noarch.rpm [.done]
Retrieving: python-rpm-generators-20241120.6ae645f-150400.3.18.1.noarch (Update repository with updates from SUSE Linux Enterprise 15) (14/19),  23.8 KiB    
Retrieving: python-rpm-generators-20241120.6ae645f-150400.3.18.1.noarch.rpm [.done]
Retrieving: gettext-tools-0.21.1-150600.3.3.2.x86_64 (Update repository with updates from SUSE Linux Enterprise 15) (15/19),   1.5 MiB    
Retrieving: gettext-tools-0.21.1-150600.3.3.2.x86_64.rpm [..done (15.5 MiB/s)]
Retrieving: libopenssl-3-devel-3.1.4-150600.5.36.4.x86_64 (Update repository with updates from SUSE Linux Enterprise 15) (16/19), 377.4 KiB    
Retrieving: libopenssl-3-devel-3.1.4-150600.5.36.4.x86_64.rpm [...done (2.1 MiB/s)]
Retrieving: rpm-build-4.14.3-150400.59.16.1.x86_64 (Update repository with updates from SUSE Linux Enterprise 15) (17/19),  36.4 KiB    
Retrieving: rpm-build-4.14.3-150400.59.16.1.x86_64.rpm [...done]
Retrieving: rpm-devel-4.14.3-150400.59.16.1.x86_64 (Update repository with updates from SUSE Linux Enterprise 15) (18/19), 105.5 KiB    
Retrieving: rpm-devel-4.14.3-150400.59.16.1.x86_64.rpm [...done (275.1 KiB/s)]
Retrieving: net-snmp-devel-5.9.4-150600.24.5.2.x86_64 (Update repository with updates from SUSE Linux Enterprise 15) (19/19),   1.2 MiB    
Retrieving: net-snmp-devel-5.9.4-150600.24.5.2.x86_64.rpm [...........done (1.2 MiB/s)]

Checking for file conflicts: [....done]
( 1/19) Installing: bison-3.0.4-3.3.1.x86_64 [..done]
( 2/19) Installing: bison-lang-3.0.4-3.3.1.noarch [..done]
( 3/19) Installing: jitterentropy-devel-3.4.0-150000.1.9.1.x86_64 [..done]
( 4/19) Installing: libqt5-qtdeclarative-tools-5.15.12+kde31-150600.1.7.x86_64 [..done]
( 5/19) Installing: libsensors4-devel-3.5.0-4.6.1.x86_64 [..done]
( 6/19) Installing: libzstd-devel-1.5.5-150600.1.3.x86_64 [..done]
( 7/19) Installing: popt-devel-1.16-3.22.x86_64 [..done]
( 8/19) Installing: tcpd-devel-7.6-1.433.x86_64 [..done]
( 9/19) Installing: zlib-devel-1.2.13-150500.4.3.1.x86_64 [..done]
(10/19) Installing: qml-autoreqprov-1.4.1-150600.1.1.noarch [..done]
(11/19) Installing: dwz-0.12-150000.3.8.1.x86_64 [..done]
(12/19) Installing: patch-2.7.6-150000.5.6.1.x86_64 [..done]
(13/19) Installing: python-rpm-macros-20241120.6ae645f-150400.3.18.1.noarch [..done]
(14/19) Installing: python-rpm-generators-20241120.6ae645f-150400.3.18.1.noarch [..done]
(15/19) Installing: gettext-tools-0.21.1-150600.3.3.2.x86_64 [...done]
(16/19) Installing: libopenssl-3-devel-3.1.4-150600.5.36.4.x86_64 [..done]
(17/19) Installing: rpm-build-4.14.3-150400.59.16.1.x86_64 [..done]
(18/19) Installing: rpm-devel-4.14.3-150400.59.16.1.x86_64 [..done]
(19/19) Installing: net-snmp-devel-5.9.4-150600.24.5.2.x86_64 [....done]

zypper install -y kernel-devel
Loading repository data...
Reading installed packages...
Resolving package dependencies...

The following 6 NEW packages are going to be installed:
  dwarves kernel-default-devel kernel-devel kernel-macros libdwarves1 libelf-devel

6 new packages to install.
Overall download size: 31.9 MiB. Already cached: 0 B. After the operation, additional 71.4 MiB will be used.

Backend:  classic_rpmtrans
Continue? [y/n/v/...? shows all options] (y): y
Retrieving: libdwarves1-1.25-150600.1.4.x86_64 (Main Repository) (1/6),  89.5 KiB    
Retrieving: libdwarves1-1.25-150600.1.4.x86_64.rpm [.done]
Retrieving: libelf-devel-0.185-150400.5.3.1.x86_64 (Main Repository) (2/6), 741.7 KiB    
Retrieving: libelf-devel-0.185-150400.5.3.1.x86_64.rpm [...done (3.4 MiB/s)]
Retrieving: dwarves-1.25-150600.1.4.x86_64 (Main Repository) (3/6), 113.4 KiB    
Retrieving: dwarves-1.25-150600.1.4.x86_64.rpm [.done]
Retrieving: kernel-macros-6.4.0-150600.23.65.1.noarch (Update repository with updates from SUSE Linux Enterprise 15) (4/6),   4.2 MiB    
Retrieving: kernel-macros-6.4.0-150600.23.65.1.noarch.rpm [....................................done (902.5 KiB/s)]
Retrieving: kernel-devel-6.4.0-150600.23.65.1.noarch (Update repository with updates from SUSE Linux Enterprise 15) (5/6),  19.1 MiB    
Retrieving: kernel-devel-6.4.0-150600.23.65.1.noarch.rpm [....................................................................................................................................................................................................................done (949.7 KiB/s)]
Retrieving: kernel-default-devel-6.4.0-150600.23.65.1.x86_64 (Update repository with updates from SUSE Linux Enterprise 15) (6/6),   7.6 MiB    
Retrieving: kernel-default-devel-6.4.0-150600.23.65.1.x86_64.rpm [.....................................................................................done (944.3 KiB/s)]

Checking for file conflicts: [......done]
(1/6) Installing: libdwarves1-1.25-150600.1.4.x86_64 [..done]
(2/6) Installing: libelf-devel-0.185-150400.5.3.1.x86_64 [..done]
(3/6) Installing: dwarves-1.25-150600.1.4.x86_64 [..done]
(4/6) Installing: kernel-macros-6.4.0-150600.23.65.1.noarch [..done]
(5/6) Installing: kernel-devel-6.4.0-150600.23.65.1.noarch [...................................done]
(6/6) Installing: kernel-default-devel-6.4.0-150600.23.65.1.x86_64 [.........done]

zypper install -y libboost_*_66_0
Loading repository data...
Reading installed packages...
'libboost_regex1_66_0' providing 'libboost_*_66_0' is already installed.
No update candidate for 'libboost_regex1_66_0-1.66.0-150200.12.7.1.x86_64'. The highest available version is already installed.
Resolving package dependencies...

The following 3 packages are going to be upgraded:
  libboost_iostreams1_66_0 libboost_system1_66_0 libboost_thread1_66_0

The following 2 recommended packages were automatically selected:
  openmpi2-config rdma-ndd

The following 51 NEW packages are going to be installed:
  libboost_atomic1_66_0 libboost_chrono1_66_0 libboost_container1_66_0 libboost_context1_66_0 libboost_coroutine1_66_0 libboost_date_time1_66_0 libboost_fiber1_66_0 libboost_filesystem1_66_0 libboost_graph1_66_0 libboost_graph_parallel1_66_0 libboost_locale1_66_0 libboost_log1_66_0 libboost_math1_66_0 libboost_mpi1_66_0 libboost_mpi_python-py2_7-1_66_0 libboost_mpi_python-py3-1_66_0 libboost_numpy-py2_7-1_66_0 libboost_numpy-py3-1_66_0 libboost_program_options1_66_0 libboost_python-py2_7-1_66_0 libboost_python-py3-1_66_0 libboost_random1_66_0 libboost_serialization1_66_0 libboost_signals1_66_0 libboost_stacktrace1_66_0 libboost_test1_66_0 libboost_timer1_66_0 libboost_type_erasure1_66_0 libboost_wave1_66_0 libefa1 libfabric1 libibverbs libibverbs1 libinfinipath4 libmana1 libmlx4-1 libmlx5-1 libpsm2-2 libpsm_infinipath1 libpython2_7-1_0 librdmacm1 libucm0 libucp0 libucs0 libuct0 mpi-selector openmpi2 openmpi2-config openmpi2-libs rdma-core rdma-ndd

3 packages to upgrade, 51 new.
Overall download size: 11.0 MiB. Already cached: 0 B. After the operation, additional 39.7 MiB will be used.

Backend:  classic_rpmtrans
Continue? [y/n/v/...? shows all options] (y): y
Retrieving: libinfinipath4-3.3-5.3.1.x86_64 (Main Repository) (1/54),  30.9 KiB    
Retrieving: libinfinipath4-3.3-5.3.1.x86_64.rpm [.done]
Retrieving: rdma-core-49.1-150600.2.5.x86_64 (Main Repository) (2/54),  58.6 KiB    
Retrieving: rdma-core-49.1-150600.2.5.x86_64.rpm [.done]
Retrieving: rdma-ndd-49.1-150600.2.5.x86_64 (Main Repository) (3/54),  38.1 KiB    
Retrieving: rdma-ndd-49.1-150600.2.5.x86_64.rpm [.done]
Retrieving: libpsm_infinipath1-3.3-5.3.1.x86_64 (Main Repository) (4/54), 145.1 KiB    
Retrieving: libpsm_infinipath1-3.3-5.3.1.x86_64.rpm [..done (452.8 KiB/s)]
Retrieving: libibverbs1-49.1-150600.2.5.x86_64 (Main Repository) (5/54),  76.7 KiB    
Retrieving: libibverbs1-49.1-150600.2.5.x86_64.rpm [.done]
Retrieving: libmlx5-1-49.1-150600.2.5.x86_64 (Main Repository) (6/54), 207.3 KiB    
Retrieving: libmlx5-1-49.1-150600.2.5.x86_64.rpm [...done (261.3 KiB/s)]
Retrieving: libmlx4-1-49.1-150600.2.5.x86_64 (Main Repository) (7/54),  47.1 KiB    
Retrieving: libmlx4-1-49.1-150600.2.5.x86_64.rpm [.done]
Retrieving: libmana1-49.1-150600.2.5.x86_64 (Main Repository) (8/54),  34.7 KiB    
Retrieving: libmana1-49.1-150600.2.5.x86_64.rpm [.done]
Retrieving: libefa1-49.1-150600.2.5.x86_64 (Main Repository) (9/54),  44.0 KiB    
Retrieving: libefa1-49.1-150600.2.5.x86_64.rpm [.done]
Retrieving: libibverbs-49.1-150600.2.5.x86_64 (Main Repository) (10/54), 171.2 KiB    
Retrieving: libibverbs-49.1-150600.2.5.x86_64.rpm [..done]
Retrieving: librdmacm1-49.1-150600.2.5.x86_64 (Main Repository) (11/54),  80.0 KiB    
Retrieving: librdmacm1-49.1-150600.2.5.x86_64.rpm [.done]
Retrieving: libboost_atomic1_66_0-1.66.0-150200.12.7.1.x86_64 (Update repository with updates from SUSE Linux Enterprise 15) (12/54),  21.3 KiB    
Retrieving: libboost_atomic1_66_0-1.66.0-150200.12.7.1.x86_64.rpm [...done]
Retrieving: libboost_container1_66_0-1.66.0-150200.12.7.1.x86_64 (Update repository with updates from SUSE Linux Enterprise 15) (13/54),  48.7 KiB    
Retrieving: libboost_container1_66_0-1.66.0-150200.12.7.1.x86_64.rpm [...done]
Retrieving: libboost_context1_66_0-1.66.0-150200.12.7.1.x86_64 (Update repository with updates from SUSE Linux Enterprise 15) (14/54),  22.9 KiB    
Retrieving: libboost_context1_66_0-1.66.0-150200.12.7.1.x86_64.rpm [...done (878 B/s)]
Retrieving: libboost_date_time1_66_0-1.66.0-150200.12.7.1.x86_64 (Update repository with updates from SUSE Linux Enterprise 15) (15/54),  34.5 KiB    
Retrieving: libboost_date_time1_66_0-1.66.0-150200.12.7.1.x86_64.rpm [...done (2.3 KiB/s)]
Retrieving: libboost_graph1_66_0-1.66.0-150200.12.7.1.x86_64 (Update repository with updates from SUSE Linux Enterprise 15) (16/54), 110.1 KiB    
Retrieving: libboost_graph1_66_0-1.66.0-150200.12.7.1.x86_64.rpm [...done (74.6 KiB/s)]
Retrieving: libboost_iostreams1_66_0-1.66.0-150200.12.7.1.x86_64 (Update repository with updates from SUSE Linux Enterprise 15) (17/54),  44.7 KiB    
Retrieving delta: ./x86_64/libboost_iostreams1_66_0-1.66.0-12.3.1_150200.12.7.1.x86_64.drpm, 18.6 KiB
Retrieving: libboost_iostreams1_66_0-1.66.0-12.3.1_150200.12.7.1.x86_64.drpm [.done]
Applying delta: ./libboost_iostreams1_66_0-1.66.0-12.3.1_150200.12.7.1.x86_64.drpm [........done]
Retrieving: libboost_math1_66_0-1.66.0-150200.12.7.1.x86_64 (Update repository with updates from SUSE Linux Enterprise 15) (18/54), 239.5 KiB    
Retrieving: libboost_math1_66_0-1.66.0-150200.12.7.1.x86_64.rpm [...done (81.1 KiB/s)]
Retrieving: libboost_numpy-py3-1_66_0-1.66.0-150200.12.7.1.x86_64 (Update repository with updates from SUSE Linux Enterprise 15) (19/54),  41.6 KiB    
Retrieving: libboost_numpy-py3-1_66_0-1.66.0-150200.12.7.1.x86_64.rpm [...done]
Retrieving: libboost_program_options1_66_0-1.66.0-150200.12.7.1.x86_64 (Update repository with updates from SUSE Linux Enterprise 15) (20/54), 138.7 KiB    
Retrieving: libboost_program_options1_66_0-1.66.0-150200.12.7.1.x86_64.rpm [..done (2.2 KiB/s)]
Retrieving: libboost_python-py3-1_66_0-1.66.0-150200.12.7.1.x86_64 (Update repository with updates from SUSE Linux Enterprise 15) (21/54), 175.6 KiB    
Retrieving: libboost_python-py3-1_66_0-1.66.0-150200.12.7.1.x86_64.rpm [...done (71.7 KiB/s)]
Retrieving: libboost_serialization1_66_0-1.66.0-150200.12.7.1.x86_64 (Update repository with updates from SUSE Linux Enterprise 15) (22/54), 111.4 KiB    
Retrieving: libboost_serialization1_66_0-1.66.0-150200.12.7.1.x86_64.rpm [..done]
Retrieving: libboost_signals1_66_0-1.66.0-150200.12.7.1.x86_64 (Update repository with updates from SUSE Linux Enterprise 15) (23/54),  45.1 KiB    
Retrieving: libboost_signals1_66_0-1.66.0-150200.12.7.1.x86_64.rpm [...done]
Retrieving: libboost_stacktrace1_66_0-1.66.0-150200.12.7.1.x86_64 (Update repository with updates from SUSE Linux Enterprise 15) (24/54),  37.9 KiB    
Retrieving: libboost_stacktrace1_66_0-1.66.0-150200.12.7.1.x86_64.rpm [...done]
Retrieving: libboost_system1_66_0-1.66.0-150200.12.7.1.x86_64 (Update repository with updates from SUSE Linux Enterprise 15) (25/54),  25.0 KiB    
Retrieving: libboost_system1_66_0-1.66.0-150200.12.7.1.x86_64.rpm [.done]
Retrieving: libboost_test1_66_0-1.66.0-150200.12.7.1.x86_64 (Update repository with updates from SUSE Linux Enterprise 15) (26/54), 290.6 KiB    
Retrieving: libboost_test1_66_0-1.66.0-150200.12.7.1.x86_64.rpm [...done (3.1 MiB/s)]
Retrieving: libpsm2-2-12.0.1-150600.3.5.1.x86_64 (Update repository with updates from SUSE Linux Enterprise 15) (27/54), 195.8 KiB    
Retrieving: libpsm2-2-12.0.1-150600.3.5.1.x86_64.rpm [.done]
Retrieving: libpython2_7-1_0-2.7.18-150000.83.1.x86_64 (Update repository with updates from SUSE Linux Enterprise 15) (28/54), 844.8 KiB    
Retrieving: libpython2_7-1_0-2.7.18-150000.83.1.x86_64.rpm [...done (13.8 MiB/s)]
Retrieving: libucm0-1.15.0-150600.3.3.1.x86_64 (Update repository with updates from SUSE Linux Enterprise 15) (29/54),  79.4 KiB    
Retrieving: libucm0-1.15.0-150600.3.3.1.x86_64.rpm [.done]
Retrieving: mpi-selector-1.0.3-150000.3.2.1.noarch (Update repository with updates from SUSE Linux Enterprise 15) (30/54),  28.5 KiB    
Retrieving: mpi-selector-1.0.3-150000.3.2.1.noarch.rpm [.done]
Retrieving: openmpi2-config-2.1.6-150500.24.2.1.x86_64 (Update repository with updates from SUSE Linux Enterprise 15) (31/54),  18.3 KiB    
Retrieving: openmpi2-config-2.1.6-150500.24.2.1.x86_64.rpm [.done]
Retrieving: libboost_mpi_python-py3-1_66_0-1.66.0-150200.12.7.1.x86_64 (Update repository with updates from SUSE Linux Enterprise 15) (32/54),  39.3 KiB    
Retrieving: libboost_mpi_python-py3-1_66_0-1.66.0-150200.12.7.1.x86_64.rpm [...done (2.3 KiB/s)]
Retrieving: libboost_thread1_66_0-1.66.0-150200.12.7.1.x86_64 (Update repository with updates from SUSE Linux Enterprise 15) (33/54),  63.1 KiB    
Retrieving delta: ./x86_64/libboost_thread1_66_0-1.66.0-12.3.1_150200.12.7.1.x86_64.drpm, 19.4 KiB
Retrieving: libboost_thread1_66_0-1.66.0-12.3.1_150200.12.7.1.x86_64.drpm [.done]
Applying delta: ./libboost_thread1_66_0-1.66.0-12.3.1_150200.12.7.1.x86_64.drpm [........done]
Retrieving: libboost_random1_66_0-1.66.0-150200.12.7.1.x86_64 (Update repository with updates from SUSE Linux Enterprise 15) (34/54),  28.3 KiB    
Retrieving: libboost_random1_66_0-1.66.0-150200.12.7.1.x86_64.rpm [...done (2.3 KiB/s)]
Retrieving: libboost_filesystem1_66_0-1.66.0-150200.12.7.1.x86_64 (Update repository with updates from SUSE Linux Enterprise 15) (35/54),  50.1 KiB    
Retrieving: libboost_filesystem1_66_0-1.66.0-150200.12.7.1.x86_64.rpm [...done]
Retrieving: libboost_chrono1_66_0-1.66.0-150200.12.7.1.x86_64 (Update repository with updates from SUSE Linux Enterprise 15) (36/54),  29.2 KiB    
Retrieving: libboost_chrono1_66_0-1.66.0-150200.12.7.1.x86_64.rpm [...done]
Retrieving: libboost_python-py2_7-1_66_0-1.66.0-150200.12.7.1.x86_64 (Update repository with updates from SUSE Linux Enterprise 15) (37/54), 177.4 KiB    
Retrieving: libboost_python-py2_7-1_66_0-1.66.0-150200.12.7.1.x86_64.rpm [..done]
Retrieving: libboost_numpy-py2_7-1_66_0-1.66.0-150200.12.7.1.x86_64 (Update repository with updates from SUSE Linux Enterprise 15) (38/54),  41.8 KiB    
Retrieving: libboost_numpy-py2_7-1_66_0-1.66.0-150200.12.7.1.x86_64.rpm [...done]
Retrieving: libucs0-1.15.0-150600.3.3.1.x86_64 (Update repository with updates from SUSE Linux Enterprise 15) (39/54),   1.4 MiB    
Retrieving: libucs0-1.15.0-150600.3.3.1.x86_64.rpm [..done (11.9 MiB/s)]
Retrieving: libboost_wave1_66_0-1.66.0-150200.12.7.1.x86_64 (Update repository with updates from SUSE Linux Enterprise 15) (40/54), 187.0 KiB    
Retrieving: libboost_wave1_66_0-1.66.0-150200.12.7.1.x86_64.rpm [..done]
Retrieving: libboost_type_erasure1_66_0-1.66.0-150200.12.7.1.x86_64 (Update repository with updates from SUSE Linux Enterprise 15) (41/54),  36.3 KiB    
Retrieving: libboost_type_erasure1_66_0-1.66.0-150200.12.7.1.x86_64.rpm [..done]
Retrieving: libboost_locale1_66_0-1.66.0-150200.12.7.1.x86_64 (Update repository with updates from SUSE Linux Enterprise 15) (42/54), 246.3 KiB    
Retrieving: libboost_locale1_66_0-1.66.0-150200.12.7.1.x86_64.rpm [...done (2.1 MiB/s)]
Retrieving: libboost_coroutine1_66_0-1.66.0-150200.12.7.1.x86_64 (Update repository with updates from SUSE Linux Enterprise 15) (43/54),  36.8 KiB    
Retrieving: libboost_coroutine1_66_0-1.66.0-150200.12.7.1.x86_64.rpm [...done (874 B/s)]
Retrieving: libboost_log1_66_0-1.66.0-150200.12.7.1.x86_64 (Update repository with updates from SUSE Linux Enterprise 15) (44/54), 392.9 KiB    
Retrieving: libboost_log1_66_0-1.66.0-150200.12.7.1.x86_64.rpm [...done (6.9 MiB/s)]
Retrieving: libboost_fiber1_66_0-1.66.0-150200.12.7.1.x86_64 (Update repository with updates from SUSE Linux Enterprise 15) (45/54), 122.2 KiB    
Retrieving: libboost_fiber1_66_0-1.66.0-150200.12.7.1.x86_64.rpm [..done]
Retrieving: libboost_timer1_66_0-1.66.0-150200.12.7.1.x86_64 (Update repository with updates from SUSE Linux Enterprise 15) (46/54),  27.0 KiB    
Retrieving: libboost_timer1_66_0-1.66.0-150200.12.7.1.x86_64.rpm [...done (2.3 KiB/s)]
Retrieving: libboost_mpi_python-py2_7-1_66_0-1.66.0-150200.12.7.1.x86_64 (Update repository with updates from SUSE Linux Enterprise 15) (47/54),  39.3 KiB    
Retrieving: libboost_mpi_python-py2_7-1_66_0-1.66.0-150200.12.7.1.x86_64.rpm [...done]
Retrieving: libuct0-1.15.0-150600.3.3.1.x86_64 (Update repository with updates from SUSE Linux Enterprise 15) (48/54), 338.8 KiB    
Retrieving: libuct0-1.15.0-150600.3.3.1.x86_64.rpm [..done]
Retrieving: libucp0-1.15.0-150600.3.3.1.x86_64 (Update repository with updates from SUSE Linux Enterprise 15) (49/54), 385.3 KiB    
Retrieving: libucp0-1.15.0-150600.3.3.1.x86_64.rpm [..done]
Retrieving: libfabric1-1.20.0-150600.1.5.x86_64 (Main Repository) (50/54),   1.6 MiB    
Retrieving: libfabric1-1.20.0-150600.1.5.x86_64.rpm [........done (1.8 MiB/s)]
Retrieving: openmpi2-libs-2.1.6-150500.24.2.1.x86_64 (Update repository with updates from SUSE Linux Enterprise 15) (51/54),   2.1 MiB    
Retrieving: openmpi2-libs-2.1.6-150500.24.2.1.x86_64.rpm [......................done (1.0 MiB/s)]
Retrieving: openmpi2-2.1.6-150500.24.2.1.x86_64 (Update repository with updates from SUSE Linux Enterprise 15) (52/54), 218.6 KiB    
Retrieving: openmpi2-2.1.6-150500.24.2.1.x86_64.rpm [......done (1.2 MiB/s)]
Retrieving: libboost_mpi1_66_0-1.66.0-150200.12.7.1.x86_64 (Update repository with updates from SUSE Linux Enterprise 15) (53/54),  69.5 KiB    
Retrieving: libboost_mpi1_66_0-1.66.0-150200.12.7.1.x86_64.rpm [...done]
Retrieving: libboost_graph_parallel1_66_0-1.66.0-150200.12.7.1.x86_64 (Update repository with updates from SUSE Linux Enterprise 15) (54/54), 134.5 KiB    
Retrieving: libboost_graph_parallel1_66_0-1.66.0-150200.12.7.1.x86_64.rpm [..done]

Checking for file conflicts: [....done]
( 1/54) Installing: libinfinipath4-3.3-5.3.1.x86_64 [..done]
( 2/54) Installing: rdma-core-49.1-150600.2.5.x86_64 [..done]
( 3/54) Installing: rdma-ndd-49.1-150600.2.5.x86_64 [..done]
( 4/54) Installing: libpsm_infinipath1-3.3-5.3.1.x86_64 [..done]
( 5/54) Installing: libibverbs1-49.1-150600.2.5.x86_64 [..done]
( 6/54) Installing: libmlx5-1-49.1-150600.2.5.x86_64 [..done]
( 7/54) Installing: libmlx4-1-49.1-150600.2.5.x86_64 [..done]
( 8/54) Installing: libmana1-49.1-150600.2.5.x86_64 [..done]
( 9/54) Installing: libefa1-49.1-150600.2.5.x86_64 [..done]
(10/54) Installing: libibverbs-49.1-150600.2.5.x86_64 [..done]
(11/54) Installing: librdmacm1-49.1-150600.2.5.x86_64 [..done]
(12/54) Installing: libboost_atomic1_66_0-1.66.0-150200.12.7.1.x86_64 [..done]
(13/54) Installing: libboost_container1_66_0-1.66.0-150200.12.7.1.x86_64 [..done]
(14/54) Installing: libboost_context1_66_0-1.66.0-150200.12.7.1.x86_64 [..done]
(15/54) Installing: libboost_date_time1_66_0-1.66.0-150200.12.7.1.x86_64 [..done]
(16/54) Installing: libboost_graph1_66_0-1.66.0-150200.12.7.1.x86_64 [..done]
(17/54) Installing: libboost_iostreams1_66_0-1.66.0-150200.12.7.1.x86_64 [...done]
(18/54) Installing: libboost_math1_66_0-1.66.0-150200.12.7.1.x86_64 [..done]
(19/54) Installing: libboost_numpy-py3-1_66_0-1.66.0-150200.12.7.1.x86_64 [..done]
(20/54) Installing: libboost_program_options1_66_0-1.66.0-150200.12.7.1.x86_64 [..done]
(21/54) Installing: libboost_python-py3-1_66_0-1.66.0-150200.12.7.1.x86_64 [..done]
(22/54) Installing: libboost_serialization1_66_0-1.66.0-150200.12.7.1.x86_64 [..done]
(23/54) Installing: libboost_signals1_66_0-1.66.0-150200.12.7.1.x86_64 [..done]
(24/54) Installing: libboost_stacktrace1_66_0-1.66.0-150200.12.7.1.x86_64 [..done]
(25/54) Installing: libboost_system1_66_0-1.66.0-150200.12.7.1.x86_64 [...done]
(26/54) Installing: libboost_test1_66_0-1.66.0-150200.12.7.1.x86_64 [..done]
(27/54) Installing: libpsm2-2-12.0.1-150600.3.5.1.x86_64 [..done]
(28/54) Installing: libpython2_7-1_0-2.7.18-150000.83.1.x86_64 [..done]
(29/54) Installing: libucm0-1.15.0-150600.3.3.1.x86_64 [..done]
(30/54) Installing: mpi-selector-1.0.3-150000.3.2.1.noarch [..done]
(31/54) Installing: openmpi2-config-2.1.6-150500.24.2.1.x86_64 [..done]
(32/54) Installing: libboost_mpi_python-py3-1_66_0-1.66.0-150200.12.7.1.x86_64 [..done]
(33/54) Installing: libboost_thread1_66_0-1.66.0-150200.12.7.1.x86_64 [...done]
(34/54) Installing: libboost_random1_66_0-1.66.0-150200.12.7.1.x86_64 [..done]
(35/54) Installing: libboost_filesystem1_66_0-1.66.0-150200.12.7.1.x86_64 [..done]
(36/54) Installing: libboost_chrono1_66_0-1.66.0-150200.12.7.1.x86_64 [..done]
(37/54) Installing: libboost_python-py2_7-1_66_0-1.66.0-150200.12.7.1.x86_64 [..done]
(38/54) Installing: libboost_numpy-py2_7-1_66_0-1.66.0-150200.12.7.1.x86_64 [..done]
(39/54) Installing: libucs0-1.15.0-150600.3.3.1.x86_64 [...done]
(40/54) Installing: libboost_wave1_66_0-1.66.0-150200.12.7.1.x86_64 [..done]
(41/54) Installing: libboost_type_erasure1_66_0-1.66.0-150200.12.7.1.x86_64 [..done]
(42/54) Installing: libboost_locale1_66_0-1.66.0-150200.12.7.1.x86_64 [..done]
(43/54) Installing: libboost_coroutine1_66_0-1.66.0-150200.12.7.1.x86_64 [..done]
(44/54) Installing: libboost_log1_66_0-1.66.0-150200.12.7.1.x86_64 [..done]
(45/54) Installing: libboost_fiber1_66_0-1.66.0-150200.12.7.1.x86_64 [..done]
(46/54) Installing: libboost_timer1_66_0-1.66.0-150200.12.7.1.x86_64 [..done]
(47/54) Installing: libboost_mpi_python-py2_7-1_66_0-1.66.0-150200.12.7.1.x86_64 [..done]
(48/54) Installing: libuct0-1.15.0-150600.3.3.1.x86_64 [..done]
(49/54) Installing: libucp0-1.15.0-150600.3.3.1.x86_64 [..done]
(50/54) Installing: libfabric1-1.20.0-150600.1.5.x86_64 [....done]
(51/54) Installing: openmpi2-libs-2.1.6-150500.24.2.1.x86_64 [....done]
(52/54) Installing: openmpi2-2.1.6-150500.24.2.1.x86_64 [..done]
(53/54) Installing: libboost_mpi1_66_0-1.66.0-150200.12.7.1.x86_64 [..done]
(54/54) Installing: libboost_graph_parallel1_66_0-1.66.0-150200.12.7.1.x86_64 [..done]
Running post-transaction scripts [...done]
There are running programs which still use files and libraries deleted or updated by recent upgrades. They should be restarted to benefit from the latest updates. Run 'zypper ps -s' to list these programs.
 

zypper install -y uhd-devel
Loading repository data...
Reading installed packages...
Resolving package dependencies...

The following 2 recommended packages were automatically selected:
  libboost_serialization1_66_0-devel uhd-doc

The following 15 NEW packages are going to be installed:
  libboost_chrono1_66_0-devel libboost_date_time1_66_0-devel libboost_filesystem1_66_0-devel libboost_headers1_66_0-devel libboost_program_options1_66_0-devel libboost_regex1_66_0-devel libboost_serialization1_66_0-devel libboost_system1_66_0-devel libboost_test1_66_0-devel libboost_thread1_66_0-devel libstdc++-devel libuhd4_5_0 uhd-devel uhd-doc uhd-udev

15 new packages to install.
Overall download size: 20.3 MiB. Already cached: 0 B. After the operation, additional 150.7 MiB will be used.

Backend:  classic_rpmtrans
Continue? [y/n/v/...? shows all options] (y): y
Retrieving: libstdc++-devel-7-3.9.1.x86_64 (Main Repository) (1/15),   8.6 KiB    
Retrieving: libstdc++-devel-7-3.9.1.x86_64.rpm [.done]
Retrieving: uhd-doc-4.5.0.0-bp156.1.42.noarch (Main Repository) (2/15),   7.7 MiB    
Retrieving: uhd-doc-4.5.0.0-bp156.1.42.noarch.rpm [...................................................................done (1.1 MiB/s)]
Retrieving: uhd-udev-4.5.0.0-bp156.1.42.x86_64 (Main Repository) (3/15),  14.9 KiB    
Retrieving: uhd-udev-4.5.0.0-bp156.1.42.x86_64.rpm [..done]
Retrieving: libuhd4_5_0-4.5.0.0-bp156.1.42.x86_64 (Main Repository) (4/15),   3.2 MiB    
Retrieving: libuhd4_5_0-4.5.0.0-bp156.1.42.x86_64.rpm [...................................done (1.0 MiB/s)]
Retrieving: libboost_headers1_66_0-devel-1.66.0-150200.12.7.1.x86_64 (Update repository with updates from SUSE Linux Enterprise 15) (5/15),   9.0 MiB    
Retrieving: libboost_headers1_66_0-devel-1.66.0-150200.12.7.1.x86_64.rpm [...................................................................................................................done (920.5 KiB/s)]
Retrieving: libboost_test1_66_0-devel-1.66.0-150200.12.7.1.x86_64 (Update repository with updates from SUSE Linux Enterprise 15) (6/15),  20.1 KiB    
Retrieving: libboost_test1_66_0-devel-1.66.0-150200.12.7.1.x86_64.rpm [...done]
Retrieving: libboost_system1_66_0-devel-1.66.0-150200.12.7.1.x86_64 (Update repository with updates from SUSE Linux Enterprise 15) (7/15),  19.8 KiB    
Retrieving: libboost_system1_66_0-devel-1.66.0-150200.12.7.1.x86_64.rpm [...done (2.3 KiB/s)]
Retrieving: libboost_serialization1_66_0-devel-1.66.0-150200.12.7.1.x86_64 (Update repository with updates from SUSE Linux Enterprise 15) (8/15),  20.0 KiB    
Retrieving: libboost_serialization1_66_0-devel-1.66.0-150200.12.7.1.x86_64.rpm [...done]
Retrieving: libboost_regex1_66_0-devel-1.66.0-150200.12.7.1.x86_64 (Update repository with updates from SUSE Linux Enterprise 15) (9/15),  19.8 KiB    
Retrieving: libboost_regex1_66_0-devel-1.66.0-150200.12.7.1.x86_64.rpm [...done]
Retrieving: libboost_program_options1_66_0-devel-1.66.0-150200.12.7.1.x86_64 (Update repository with updates from SUSE Linux Enterprise 15) (10/15),  19.9 KiB    
Retrieving: libboost_program_options1_66_0-devel-1.66.0-150200.12.7.1.x86_64.rpm [...done]
Retrieving: libboost_chrono1_66_0-devel-1.66.0-150200.12.7.1.x86_64 (Update repository with updates from SUSE Linux Enterprise 15) (11/15),  19.8 KiB    
Retrieving: libboost_chrono1_66_0-devel-1.66.0-150200.12.7.1.x86_64.rpm [..done]
Retrieving: libboost_filesystem1_66_0-devel-1.66.0-150200.12.7.1.x86_64 (Update repository with updates from SUSE Linux Enterprise 15) (12/15),  19.9 KiB    
Retrieving: libboost_filesystem1_66_0-devel-1.66.0-150200.12.7.1.x86_64.rpm [...done]
Retrieving: libboost_date_time1_66_0-devel-1.66.0-150200.12.7.1.x86_64 (Update repository with updates from SUSE Linux Enterprise 15) (13/15),  19.9 KiB    
Retrieving: libboost_date_time1_66_0-devel-1.66.0-150200.12.7.1.x86_64.rpm [...done (862 B/s)]
Retrieving: libboost_thread1_66_0-devel-1.66.0-150200.12.7.1.x86_64 (Update repository with updates from SUSE Linux Enterprise 15) (14/15),  19.8 KiB    
Retrieving: libboost_thread1_66_0-devel-1.66.0-150200.12.7.1.x86_64.rpm [...done]
Retrieving: uhd-devel-4.5.0.0-bp156.1.42.x86_64 (Main Repository) (15/15), 182.2 KiB    
Retrieving: uhd-devel-4.5.0.0-bp156.1.42.x86_64.rpm [...done (79.4 KiB/s)]

Checking for file conflicts: [.....done]
( 1/15) Installing: libstdc++-devel-7-3.9.1.x86_64 [..done]
( 2/15) Installing: uhd-doc-4.5.0.0-bp156.1.42.noarch [...........done]
( 3/15) Installing: uhd-udev-4.5.0.0-bp156.1.42.x86_64 [..done]
( 4/15) Installing: libuhd4_5_0-4.5.0.0-bp156.1.42.x86_64 [......done]
( 5/15) Installing: libboost_headers1_66_0-devel-1.66.0-150200.12.7.1.x86_64 [............................done]
( 6/15) Installing: libboost_test1_66_0-devel-1.66.0-150200.12.7.1.x86_64 [..done]
( 7/15) Installing: libboost_system1_66_0-devel-1.66.0-150200.12.7.1.x86_64 [..done]
( 8/15) Installing: libboost_serialization1_66_0-devel-1.66.0-150200.12.7.1.x86_64 [..done]
( 9/15) Installing: libboost_regex1_66_0-devel-1.66.0-150200.12.7.1.x86_64 [..done]
(10/15) Installing: libboost_program_options1_66_0-devel-1.66.0-150200.12.7.1.x86_64 [..done]
(11/15) Installing: libboost_chrono1_66_0-devel-1.66.0-150200.12.7.1.x86_64 [..done]
(12/15) Installing: libboost_filesystem1_66_0-devel-1.66.0-150200.12.7.1.x86_64 [..done]
(13/15) Installing: libboost_date_time1_66_0-devel-1.66.0-150200.12.7.1.x86_64 [..done]
(14/15) Installing: libboost_thread1_66_0-devel-1.66.0-150200.12.7.1.x86_64 [..done]
(15/15) Installing: uhd-devel-4.5.0.0-bp156.1.42.x86_64 [..done]

zypper install -y uhd-utils
Loading repository data...
Reading installed packages...
Resolving package dependencies...

The following 2 NEW packages are going to be installed:
  python3-uhd uhd-utils

2 new packages to install.
Overall download size: 1.6 MiB. Already cached: 0 B. After the operation, additional 9.1 MiB will be used.

Backend:  classic_rpmtrans
Continue? [y/n/v/...? shows all options] (y): y
Retrieving: python3-uhd-4.5.0.0-bp156.1.42.x86_64 (Main Repository) (1/2), 669.8 KiB    
Retrieving: python3-uhd-4.5.0.0-bp156.1.42.x86_64.rpm [...done (254.8 KiB/s)]
Retrieving: uhd-utils-4.5.0.0-bp156.1.42.x86_64 (Main Repository) (2/2), 988.4 KiB    
Retrieving: uhd-utils-4.5.0.0-bp156.1.42.x86_64.rpm [....done (4.1 MiB/s)]

Checking for file conflicts: [...done]
(1/2) Installing: python3-uhd-4.5.0.0-bp156.1.42.x86_64 [...done]
(2/2) Installing: uhd-utils-4.5.0.0-bp156.1.42.x86_64 [...done]

zypper install -y uhd-firmware
Loading repository data...
Reading installed packages...
Resolving package dependencies...

The following NEW package is going to be installed:
  uhd-firmware

1 new package to install.
Overall download size: 160.1 MiB. Already cached: 0 B. After the operation, additional 651.3 MiB will be used.

Backend:  classic_rpmtrans
Continue? [y/n/v/...? shows all options] (y): y
Retrieving: uhd-firmware-4.5.0.0-bp156.1.42.noarch (Main Repository) (1/1), 160.1 MiB    
Retrieving: uhd-firmware-4.5.0.0-bp156.1.42.noarch.rpm [..................................................................................................................................................................................................................................................................................................................................................................................................................................................................................................................................................................................................................................................................................................................................................................................................................................................................................................................................................................................................................................................................................................................................................................................................................................................................................................................................................................................................................................................................................................................................................................................................................................................................................................................................................................done (917.7 KiB/s)]

Checking for file conflicts: [...done]
(1/1) Installing: uhd-firmware-4.5.0.0-bp156.1.42.noarch [.....................................................................................................done]

### Installing python3.11 ###
zypper install -y python3-devel
Loading repository data...
Reading installed packages...
Resolving package dependencies...

The following NEW package is going to be installed:
  python3-devel

1 new package to install.
Overall download size: 240.6 KiB. Already cached: 0 B. After the operation, additional 796.3 KiB will be used.

Backend:  classic_rpmtrans
Continue? [y/n/v/...? shows all options] (y): y
Retrieving: python3-devel-3.6.15-150300.10.97.1.x86_64 (Update repository with updates from SUSE Linux Enterprise 15) (1/1), 240.6 KiB    
Retrieving: python3-devel-3.6.15-150300.10.97.1.x86_64.rpm [..done (184.0 KiB/s)]

Checking for file conflicts: [..done]
(1/1) Installing: python3-devel-3.6.15-150300.10.97.1.x86_64 [..done]

zypper install -y python3-pip
Loading repository data...
Reading installed packages...
Resolving package dependencies...

The following package is going to be upgraded:
  python3-pip

1 package to upgrade.
Overall download size: 1.7 MiB. Already cached: 0 B. After the operation, 1.7 MiB will be freed.

Backend:  classic_rpmtrans
Continue? [y/n/v/...? shows all options] (y): y
Retrieving: python3-pip-20.0.2-150400.23.1.noarch (Update repository with updates from SUSE Linux Enterprise 15) (1/1),   1.7 MiB    
Retrieving delta: ./noarch/python3-pip-20.0.2-150400.20.1_150400.23.1.noarch.drpm, 283.0 KiB
Retrieving: python3-pip-20.0.2-150400.20.1_150400.23.1.noarch.drpm [..done (768.5 KiB/s)]
Applying delta: ./python3-pip-20.0.2-150400.20.1_150400.23.1.noarch.drpm [............................................................................done]

Checking for file conflicts: [...done]
(1/1) Installing: python3-pip-20.0.2-150400.23.1.noarch [......done]
There are running programs which still use files and libraries deleted or updated by recent upgrades. They should be restarted to benefit from the latest updates. Run 'zypper ps -s' to list these programs.
 

zypper install -y python311
Loading repository data...
Reading installed packages...
Resolving package dependencies...

The following 4 recommended packages were automatically selected:
  python311 python311-curses python311-dbm python311-pip

The following 10 NEW packages are going to be installed:
  libpython3_11-1_0 python311 python311-base python311-curses python311-dbm python311-gobject python311-gobject-cairo python311-pip python311-pycairo python311-setuptools

10 new packages to install.
Overall download size: 18.2 MiB. Already cached: 0 B. After the operation, additional 72.4 MiB will be used.

Backend:  classic_rpmtrans
Continue? [y/n/v/...? shows all options] (y): y
Retrieving: libpython3_11-1_0-3.11.13-150600.3.35.1.x86_64 (Update repository with updates from SUSE Linux Enterprise 15) (1/10),   1.8 MiB    
Retrieving: libpython3_11-1_0-3.11.13-150600.3.35.1.x86_64.rpm [...done (2.5 MiB/s)]
Retrieving: python311-base-3.11.13-150600.3.35.1.x86_64 (Update repository with updates from SUSE Linux Enterprise 15) (2/10),  10.8 MiB    
Retrieving: python311-base-3.11.13-150600.3.35.1.x86_64.rpm [............................................................................................................................................done (917.2 KiB/s)]
Retrieving: python311-setuptools-67.7.2-150400.3.19.1.noarch (Update repository with updates from SUSE Linux Enterprise 15) (3/10),   1.5 MiB    
Retrieving: python311-setuptools-67.7.2-150400.3.19.1.noarch.rpm [..................done (885.6 KiB/s)]
Retrieving: python311-pip-22.3.1-150400.17.16.4.noarch (Update repository with updates from SUSE Linux Enterprise 15) (4/10),   2.7 MiB    
Retrieving: python311-pip-22.3.1-150400.17.16.4.noarch.rpm [.................................done (887.2 KiB/s)]
Retrieving: python311-3.11.13-150600.3.35.2.x86_64 (Update repository with updates from SUSE Linux Enterprise 15) (5/10), 283.8 KiB    
Retrieving: python311-3.11.13-150600.3.35.2.x86_64.rpm [....done (704.1 KiB/s)]
Retrieving: python311-curses-3.11.13-150600.3.35.2.x86_64 (Update repository with updates from SUSE Linux Enterprise 15) (6/10), 269.0 KiB    
Retrieving: python311-curses-3.11.13-150600.3.35.2.x86_64.rpm [........done (931.4 KiB/s)]
Retrieving: python311-dbm-3.11.13-150600.3.35.2.x86_64 (Update repository with updates from SUSE Linux Enterprise 15) (7/10), 240.6 KiB    
Retrieving: python311-dbm-3.11.13-150600.3.35.2.x86_64.rpm [..........done (723.9 KiB/s)]
Retrieving: python311-pycairo-1.23.0-150400.3.5.1.x86_64 (Update repository with updates from SUSE Linux Enterprise 15) (8/10), 156.1 KiB    
Retrieving: python311-pycairo-1.23.0-150400.3.5.1.x86_64.rpm [.......done (919.4 KiB/s)]
Retrieving: python311-gobject-3.44.1-150400.3.9.2.x86_64 (Update repository with updates from SUSE Linux Enterprise 15) (9/10), 426.5 KiB    
Retrieving: python311-gobject-3.44.1-150400.3.9.2.x86_64.rpm [.............done (844.1 KiB/s)]
Retrieving: python311-gobject-cairo-3.44.1-150400.3.9.2.x86_64 (Update repository with updates from SUSE Linux Enterprise 15) (10/10),  37.6 KiB    
Retrieving: python311-gobject-cairo-3.44.1-150400.3.9.2.x86_64.rpm [..done (9.9 KiB/s)]

Checking for file conflicts: [.....done]
( 1/10) Installing: libpython3_11-1_0-3.11.13-150600.3.35.1.x86_64 [...done]
( 2/10) Installing: python311-base-3.11.13-150600.3.35.1.x86_64 [...............done]
( 3/10) Installing: python311-setuptools-67.7.2-150400.3.19.1.noarch [....done]
( 4/10) Installing: python311-pip-22.3.1-150400.17.16.4.noarch [......done]
( 5/10) Installing: python311-3.11.13-150600.3.35.2.x86_64 [..done]
( 6/10) Installing: python311-curses-3.11.13-150600.3.35.2.x86_64 [..done]
( 7/10) Installing: python311-dbm-3.11.13-150600.3.35.2.x86_64 [..done]
( 8/10) Installing: python311-pycairo-1.23.0-150400.3.5.1.x86_64 [..done]
( 9/10) Installing: python311-gobject-3.44.1-150400.3.9.2.x86_64 [...done]
(10/10) Installing: python311-gobject-cairo-3.44.1-150400.3.9.2.x86_64 [..done]

zypper install -y python311-devel
Loading repository data...
Reading installed packages...
Resolving package dependencies...

The following NEW package is going to be installed:
  python311-devel

1 new package to install.
Overall download size: 472.4 KiB. Already cached: 0 B. After the operation, additional 1.1 MiB will be used.

Backend:  classic_rpmtrans
Continue? [y/n/v/...? shows all options] (y): y
Retrieving: python311-devel-3.11.13-150600.3.35.1.x86_64 (Update repository with updates from SUSE Linux Enterprise 15) (1/1), 472.4 KiB    
Retrieving: python311-devel-3.11.13-150600.3.35.1.x86_64.rpm [...done (183.7 KiB/s)]

Checking for file conflicts: [..done]
(1/1) Installing: python311-devel-3.11.13-150600.3.35.1.x86_64 [..done]

### Installing ZeroMQ ###
--2025-09-19 09:47:09--  https://download.libsodium.org/libsodium/releases/LATEST.tar.gz
Resolving download.libsodium.org (download.libsodium.org)... 37.59.238.213
Connecting to download.libsodium.org (download.libsodium.org)|37.59.238.213|:443... connected.
HTTP request sent, awaiting response... 200 OK
Length: 1990855 (1.9M) [application/binary]
Saving to: ‘LATEST.tar.gz’

     0K .......... .......... .......... .......... ..........  2%  278K 7s
    50K .......... .......... .......... .......... ..........  5% 26.7M 3s
   100K .......... .......... .......... .......... ..........  7%  556K 3s
   150K .......... .......... .......... .......... .......... 10% 23.9M 2s
   200K .......... .......... .......... .......... .......... 12%  572K 2s
   250K .......... .......... .......... .......... .......... 15% 17.9M 2s
   300K .......... .......... .......... .......... .......... 18% 24.8M 2s
   350K .......... .......... .......... .......... .......... 20% 20.1M 1s
   400K .......... .......... .......... .......... .......... 23%  608K 1s
   450K .......... .......... .......... .......... .......... 25% 26.8M 1s
   500K .......... .......... .......... .......... .......... 28% 19.1M 1s
   550K .......... .......... .......... .......... .......... 30% 17.1M 1s
   600K .......... .......... .......... .......... .......... 33% 25.6M 1s
   650K .......... .......... .......... .......... .......... 36% 25.4M 1s
   700K .......... .......... .......... .......... .......... 38% 28.0M 1s
   750K .......... .......... .......... .......... .......... 41% 20.5M 1s
   800K .......... .......... .......... .......... .......... 43%  626K 1s
   850K .......... .......... .......... .......... .......... 46% 26.7M 1s
   900K .......... .......... .......... .......... .......... 48% 26.5M 1s
   950K .......... .......... .......... .......... .......... 51% 25.8M 1s
  1000K .......... .......... .......... .......... .......... 54% 26.5M 0s
  1050K .......... .......... .......... .......... .......... 56% 27.5M 0s
  1100K .......... .......... .......... .......... .......... 59% 23.5M 0s
  1150K .......... .......... .......... .......... .......... 61% 20.0M 0s
  1200K .......... .......... .......... .......... .......... 64% 24.7M 0s
  1250K .......... .......... .......... .......... .......... 66% 26.7M 0s
  1300K .......... .......... .......... .......... .......... 69% 26.3M 0s
  1350K .......... .......... .......... .......... .......... 72% 27.8M 0s
  1400K .......... .......... .......... .......... .......... 74% 28.4M 0s
  1450K .......... .......... .......... .......... .......... 77% 26.5M 0s
  1500K .......... .......... .......... .......... .......... 79% 3.93M 0s
  1550K .......... .......... .......... .......... .......... 82%  870K 0s
  1600K .......... .......... .......... .......... .......... 84% 11.2M 0s
  1650K .......... .......... .......... .......... .......... 87% 20.7M 0s
  1700K .......... .......... .......... .......... .......... 90% 29.3M 0s
  1750K .......... .......... .......... .......... .......... 92% 24.3M 0s
  1800K .......... .......... .......... .......... .......... 95% 27.0M 0s
  1850K .......... .......... .......... .......... .......... 97% 26.4M 0s
  1900K .......... .......... .......... .......... ....      100% 27.7M=0.7s

2025-09-19 09:47:11 (2.89 MB/s) - ‘LATEST.tar.gz’ saved [1990855/1990855]

checking build system type... x86_64-pc-linux-gnu
checking host system type... x86_64-pc-linux-gnu
checking target system type... x86_64-pc-linux-gnu
checking for a BSD-compatible install... /usr/bin/install -c
checking whether sleep supports fractional seconds... yes
checking filesystem timestamp resolution... 0.01
checking whether build environment is sane... yes
checking for a race-free mkdir -p... /usr/bin/mkdir -p
checking for gawk... gawk
checking whether make sets $(MAKE)... yes
checking whether make supports nested variables... yes
checking xargs -n works... yes
checking whether UID '0' is supported by ustar format... yes
checking whether GID '0' is supported by ustar format... yes
checking how to create a ustar tar archive... gnutar
checking whether to enable maintainer-specific portions of Makefiles... no
checking for gcc... gcc
checking whether the C compiler works... yes
checking for C compiler default output file name... a.out
checking for suffix of executables... 
checking whether we are cross compiling... no
checking for suffix of object files... o
checking whether the compiler supports GNU C... yes
checking whether gcc accepts -g... yes
checking for gcc option to enable C11 features... none needed
checking whether gcc understands -c and -o together... yes
checking whether make supports the include directive... yes (GNU style)
checking dependency style of gcc... gcc3
checking dependency style of gcc... gcc3
checking for stdio.h... yes
checking for stdlib.h... yes
checking for string.h... yes
checking for inttypes.h... yes
checking for stdint.h... yes
checking for strings.h... yes
checking for sys/stat.h... yes
checking for sys/types.h... yes
checking for unistd.h... yes
checking for wchar.h... yes
checking for minix/config.h... no
checking whether it is safe to define __EXTENSIONS__... yes
checking whether _XOPEN_SOURCE should be defined... no
checking whether C compiler accepts -O3... yes
checking for a sed that does not truncate output... /usr/bin/sed
checking how to run the C preprocessor... gcc -E
checking for egrep -e... /usr/bin/grep -E
checking whether gcc is Clang... no
checking whether pthreads work with "-pthread" and "-lpthread"... yes
checking for joinable pthread attribute... PTHREAD_CREATE_JOINABLE
checking whether more special flags are required for pthreads... no
checking for PTHREAD_PRIO_INHERIT... yes
checking for valgrind... no
checking for variable-length arrays... yes
checking for __wasi__ defined... no
checking whether C compiler accepts -Werror... yes
checking whether to add -D_FORTIFY_SOURCE=3 to CPPFLAGS... no
checking whether to add -D_FORTIFY_SOURCE=2 to CPPFLAGS... yes
checking whether C compiler accepts -fvisibility=hidden... yes
checking whether C compiler accepts -fPIC... yes
checking whether C compiler accepts -fPIE... yes
checking whether the linker accepts -pie... yes
checking whether C compiler accepts -fno-strict-aliasing... yes
checking whether C compiler accepts -fno-strict-overflow... yes
checking whether C compiler accepts -fstack-protector... yes
checking whether the linker accepts -fstack-protector... yes
checking whether C compiler accepts  -O3 -pthread -fvisibility=hidden -fPIC -fPIE -fno-strict-aliasing -fno-strict-overflow -fstack-protector -Wall... yes
checking whether C compiler accepts  -O3 -pthread -fvisibility=hidden -fPIC -fPIE -fno-strict-aliasing -fno-strict-overflow -fstack-protector -Wno-deprecated-declarations... yes
checking whether C compiler accepts  -O3 -pthread -fvisibility=hidden -fPIC -fPIE -fno-strict-aliasing -fno-strict-overflow -fstack-protector -Wno-deprecated-declarations -Wno-unknown-pragmas... yes
checking for clang... no
checking whether C compiler accepts  -O3 -pthread -fvisibility=hidden -fPIC -fPIE -fno-strict-aliasing -fno-strict-overflow -fstack-protector -Wall -Wextra... yes
checking whether C compiler accepts  -Wextra -Warray-bounds... yes
checking whether C compiler accepts  -Wextra -Warray-bounds -Wbad-function-cast... yes
checking whether C compiler accepts  -Wextra -Warray-bounds -Wbad-function-cast -Wcast-qual... yes
checking whether C compiler accepts  -Wextra -Warray-bounds -Wbad-function-cast -Wcast-qual -Wdiv-by-zero... yes
checking whether C compiler accepts  -Wextra -Warray-bounds -Wbad-function-cast -Wcast-qual -Wdiv-by-zero -Wduplicated-branches... yes
checking whether C compiler accepts  -Wextra -Warray-bounds -Wbad-function-cast -Wcast-qual -Wdiv-by-zero -Wduplicated-branches -Wduplicated-cond... yes
checking whether C compiler accepts  -Wextra -Warray-bounds -Wbad-function-cast -Wcast-qual -Wdiv-by-zero -Wduplicated-branches -Wduplicated-cond -Wfloat-equal... yes
checking whether C compiler accepts  -Wextra -Warray-bounds -Wbad-function-cast -Wcast-qual -Wdiv-by-zero -Wduplicated-branches -Wduplicated-cond -Wfloat-equal -Wformat=2... yes
checking whether C compiler accepts  -Wextra -Warray-bounds -Wbad-function-cast -Wcast-qual -Wdiv-by-zero -Wduplicated-branches -Wduplicated-cond -Wfloat-equal -Wformat=2 -Wlogical-op... yes
checking whether C compiler accepts  -Wextra -Warray-bounds -Wbad-function-cast -Wcast-qual -Wdiv-by-zero -Wduplicated-branches -Wduplicated-cond -Wfloat-equal -Wformat=2 -Wlogical-op -Wmaybe-uninitialized... yes
checking whether C compiler accepts  -Wextra -Warray-bounds -Wbad-function-cast -Wcast-qual -Wdiv-by-zero -Wduplicated-branches -Wduplicated-cond -Wfloat-equal -Wformat=2 -Wlogical-op -Wmaybe-uninitialized -Wmisleading-indentation... yes
checking whether C compiler accepts  -Wextra -Warray-bounds -Wbad-function-cast -Wcast-qual -Wdiv-by-zero -Wduplicated-branches -Wduplicated-cond -Wfloat-equal -Wformat=2 -Wlogical-op -Wmaybe-uninitialized -Wmisleading-indentation -Wmissing-declarations... yes
checking whether C compiler accepts  -Wextra -Warray-bounds -Wbad-function-cast -Wcast-qual -Wdiv-by-zero -Wduplicated-branches -Wduplicated-cond -Wfloat-equal -Wformat=2 -Wlogical-op -Wmaybe-uninitialized -Wmisleading-indentation -Wmissing-declarations -Wmissing-prototypes... yes
checking whether C compiler accepts  -Wextra -Warray-bounds -Wbad-function-cast -Wcast-qual -Wdiv-by-zero -Wduplicated-branches -Wduplicated-cond -Wfloat-equal -Wformat=2 -Wlogical-op -Wmaybe-uninitialized -Wmisleading-indentation -Wmissing-declarations -Wmissing-prototypes -Wnested-externs... yes
checking whether C compiler accepts  -Wextra -Warray-bounds -Wbad-function-cast -Wcast-qual -Wdiv-by-zero -Wduplicated-branches -Wduplicated-cond -Wfloat-equal -Wformat=2 -Wlogical-op -Wmaybe-uninitialized -Wmisleading-indentation -Wmissing-declarations -Wmissing-prototypes -Wnested-externs -Wno-type-limits... yes
checking whether C compiler accepts  -Wextra -Warray-bounds -Wbad-function-cast -Wcast-qual -Wdiv-by-zero -Wduplicated-branches -Wduplicated-cond -Wfloat-equal -Wformat=2 -Wlogical-op -Wmaybe-uninitialized -Wmisleading-indentation -Wmissing-declarations -Wmissing-prototypes -Wnested-externs -Wno-type-limits -Wno-unknown-pragmas... yes
checking whether C compiler accepts  -Wextra -Warray-bounds -Wbad-function-cast -Wcast-qual -Wdiv-by-zero -Wduplicated-branches -Wduplicated-cond -Wfloat-equal -Wformat=2 -Wlogical-op -Wmaybe-uninitialized -Wmisleading-indentation -Wmissing-declarations -Wmissing-prototypes -Wnested-externs -Wno-type-limits -Wno-unknown-pragmas -Wnormalized=id... yes
checking whether C compiler accepts  -Wextra -Warray-bounds -Wbad-function-cast -Wcast-qual -Wdiv-by-zero -Wduplicated-branches -Wduplicated-cond -Wfloat-equal -Wformat=2 -Wlogical-op -Wmaybe-uninitialized -Wmisleading-indentation -Wmissing-declarations -Wmissing-prototypes -Wnested-externs -Wno-type-limits -Wno-unknown-pragmas -Wnormalized=id -Wnull-dereference... yes
checking whether C compiler accepts  -Wextra -Warray-bounds -Wbad-function-cast -Wcast-qual -Wdiv-by-zero -Wduplicated-branches -Wduplicated-cond -Wfloat-equal -Wformat=2 -Wlogical-op -Wmaybe-uninitialized -Wmisleading-indentation -Wmissing-declarations -Wmissing-prototypes -Wnested-externs -Wno-type-limits -Wno-unknown-pragmas -Wnormalized=id -Wnull-dereference -Wold-style-declaration... yes
checking whether C compiler accepts  -Wextra -Warray-bounds -Wbad-function-cast -Wcast-qual -Wdiv-by-zero -Wduplicated-branches -Wduplicated-cond -Wfloat-equal -Wformat=2 -Wlogical-op -Wmaybe-uninitialized -Wmisleading-indentation -Wmissing-declarations -Wmissing-prototypes -Wnested-externs -Wno-type-limits -Wno-unknown-pragmas -Wnormalized=id -Wnull-dereference -Wold-style-declaration -Wpointer-arith... yes
checking whether C compiler accepts  -Wextra -Warray-bounds -Wbad-function-cast -Wcast-qual -Wdiv-by-zero -Wduplicated-branches -Wduplicated-cond -Wfloat-equal -Wformat=2 -Wlogical-op -Wmaybe-uninitialized -Wmisleading-indentation -Wmissing-declarations -Wmissing-prototypes -Wnested-externs -Wno-type-limits -Wno-unknown-pragmas -Wnormalized=id -Wnull-dereference -Wold-style-declaration -Wpointer-arith -Wredundant-decls... yes
checking whether C compiler accepts  -Wextra -Warray-bounds -Wbad-function-cast -Wcast-qual -Wdiv-by-zero -Wduplicated-branches -Wduplicated-cond -Wfloat-equal -Wformat=2 -Wlogical-op -Wmaybe-uninitialized -Wmisleading-indentation -Wmissing-declarations -Wmissing-prototypes -Wnested-externs -Wno-type-limits -Wno-unknown-pragmas -Wnormalized=id -Wnull-dereference -Wold-style-declaration -Wpointer-arith -Wredundant-decls -Wrestrict... yes
checking whether C compiler accepts  -Wextra -Warray-bounds -Wbad-function-cast -Wcast-qual -Wdiv-by-zero -Wduplicated-branches -Wduplicated-cond -Wfloat-equal -Wformat=2 -Wlogical-op -Wmaybe-uninitialized -Wmisleading-indentation -Wmissing-declarations -Wmissing-prototypes -Wnested-externs -Wno-type-limits -Wno-unknown-pragmas -Wnormalized=id -Wnull-dereference -Wold-style-declaration -Wpointer-arith -Wredundant-decls -Wrestrict -Wshorten-64-to-32... no
checking whether C compiler accepts  -Wextra -Warray-bounds -Wbad-function-cast -Wcast-qual -Wdiv-by-zero -Wduplicated-branches -Wduplicated-cond -Wfloat-equal -Wformat=2 -Wlogical-op -Wmaybe-uninitialized -Wmisleading-indentation -Wmissing-declarations -Wmissing-prototypes -Wnested-externs -Wno-type-limits -Wno-unknown-pragmas -Wnormalized=id -Wnull-dereference -Wold-style-declaration -Wpointer-arith -Wredundant-decls -Wrestrict -Wsometimes-uninitialized... no
checking whether C compiler accepts  -Wextra -Warray-bounds -Wbad-function-cast -Wcast-qual -Wdiv-by-zero -Wduplicated-branches -Wduplicated-cond -Wfloat-equal -Wformat=2 -Wlogical-op -Wmaybe-uninitialized -Wmisleading-indentation -Wmissing-declarations -Wmissing-prototypes -Wnested-externs -Wno-type-limits -Wno-unknown-pragmas -Wnormalized=id -Wnull-dereference -Wold-style-declaration -Wpointer-arith -Wredundant-decls -Wrestrict -Wstrict-prototypes... yes
checking whether C compiler accepts  -Wextra -Warray-bounds -Wbad-function-cast -Wcast-qual -Wdiv-by-zero -Wduplicated-branches -Wduplicated-cond -Wfloat-equal -Wformat=2 -Wlogical-op -Wmaybe-uninitialized -Wmisleading-indentation -Wmissing-declarations -Wmissing-prototypes -Wnested-externs -Wno-type-limits -Wno-unknown-pragmas -Wnormalized=id -Wnull-dereference -Wold-style-declaration -Wpointer-arith -Wredundant-decls -Wrestrict -Wstrict-prototypes -Wswitch-enum... yes
checking whether C compiler accepts  -Wextra -Warray-bounds -Wbad-function-cast -Wcast-qual -Wdiv-by-zero -Wduplicated-branches -Wduplicated-cond -Wfloat-equal -Wformat=2 -Wlogical-op -Wmaybe-uninitialized -Wmisleading-indentation -Wmissing-declarations -Wmissing-prototypes -Wnested-externs -Wno-type-limits -Wno-unknown-pragmas -Wnormalized=id -Wnull-dereference -Wold-style-declaration -Wpointer-arith -Wredundant-decls -Wrestrict -Wstrict-prototypes -Wswitch-enum -Wvariable-decl... no
checking whether C compiler accepts  -Wextra -Warray-bounds -Wbad-function-cast -Wcast-qual -Wdiv-by-zero -Wduplicated-branches -Wduplicated-cond -Wfloat-equal -Wformat=2 -Wlogical-op -Wmaybe-uninitialized -Wmisleading-indentation -Wmissing-declarations -Wmissing-prototypes -Wnested-externs -Wno-type-limits -Wno-unknown-pragmas -Wnormalized=id -Wnull-dereference -Wold-style-declaration -Wpointer-arith -Wredundant-decls -Wrestrict -Wstrict-prototypes -Wswitch-enum -Wwrite-strings... yes
checking whether the linker accepts -Wl,-z,relro... yes
checking whether the linker accepts -Wl,-z,now... yes
checking whether the linker accepts -Wl,-z,noexecstack... yes
checking whether segmentation violations can be caught... yes
checking whether SIGABRT can be caught... yes
checking for thread local storage (TLS) class... _Thread_local
thread local storage is supported
checking whether C compiler accepts -ftls-model=local-dynamic... yes
checking how to print strings... printf
checking for a sed that does not truncate output... (cached) /usr/bin/sed
checking for grep that handles long lines and -e... /usr/bin/grep
checking for egrep... /usr/bin/grep -E
checking for fgrep... /usr/bin/grep -F
checking for ld used by gcc... /usr/x86_64-suse-linux/bin/ld
checking if the linker (/usr/x86_64-suse-linux/bin/ld) is GNU ld... yes
checking for BSD- or MS-compatible name lister (nm)... /usr/bin/nm -B
checking the name lister (/usr/bin/nm -B) interface... BSD nm
checking whether ln -s works... yes
checking the maximum length of command line arguments... 1572864
checking how to convert x86_64-pc-linux-gnu file names to x86_64-pc-linux-gnu format... func_convert_file_noop
checking how to convert x86_64-pc-linux-gnu file names to toolchain format... func_convert_file_noop
checking for /usr/x86_64-suse-linux/bin/ld option to reload object files... -r
checking for file... file
checking for objdump... objdump
checking how to recognize dependent libraries... pass_all
checking for dlltool... no
checking how to associate runtime and link libraries... printf %s\n
checking for ranlib... ranlib
checking for ar... ar
checking for archiver @FILE support... @
checking for strip... strip
checking command to parse /usr/bin/nm -B output from gcc object... ok
checking for sysroot... no
checking for a working dd... /usr/bin/dd
checking how to truncate binary pipes... /usr/bin/dd bs=4096 count=1
checking for mt... mt
checking if mt is a manifest tool... no
checking for dlfcn.h... yes
checking for objdir... .libs
checking if gcc supports -fno-rtti -fno-exceptions... no
checking for gcc option to produce PIC... -fPIC -DPIC
checking if gcc PIC flag -fPIC -DPIC works... yes
checking if gcc static flag -static works... no
checking if gcc supports -c -o file.o... yes
checking if gcc supports -c -o file.o... (cached) yes
checking whether the gcc linker (/usr/x86_64-suse-linux/bin/ld -m elf_x86_64) supports shared libraries... yes
checking whether -lc should be explicitly linked in... no
checking dynamic linker characteristics... GNU/Linux ld.so
checking how to hardcode library paths into programs... immediate
checking whether stripping libraries is possible... yes
checking if libtool supports shared libraries... yes
checking whether to build shared libraries... yes
checking whether to build static libraries... yes
checking for ar... (cached) ar
checking for ARM64 target... no
checking whether C compiler accepts -mmmx... yes
checking for MMX instructions set... yes
checking whether C compiler accepts -mmmx... (cached) yes
checking whether C compiler accepts -msse2... yes
checking for SSE2 instructions set... yes
checking whether C compiler accepts -msse2... (cached) yes
checking whether C compiler accepts -msse3... yes
checking for SSE3 instructions set... yes
checking whether C compiler accepts -msse3... (cached) yes
checking whether C compiler accepts -mssse3... yes
checking for SSSE3 instructions set... yes
checking whether C compiler accepts -mssse3... (cached) yes
checking whether C compiler accepts -msse4.1... yes
checking for SSE4.1 instructions set... yes
checking whether C compiler accepts -msse4.1... (cached) yes
checking whether C compiler accepts -mavx... yes
checking for AVX instructions set... yes
checking whether C compiler accepts -mavx... (cached) yes
checking whether C compiler accepts -mavx2... yes
checking for AVX2 instructions set... yes
checking whether C compiler accepts -mavx2... (cached) yes
checking if _mm256_broadcastsi128_si256 is correctly defined... yes
checking whether C compiler accepts -mavx512f... yes
checking for AVX512F instructions set... yes
checking whether C compiler accepts -mavx512f... (cached) yes
checking whether C compiler accepts -maes... yes
checking whether C compiler accepts -mpclmul... yes
checking for AESNI instructions set and PCLMULQDQ... yes
checking whether C compiler accepts -maes... (cached) yes
checking whether C compiler accepts -mpclmul... (cached) yes
checking whether C compiler accepts -mrdrnd... yes
checking for RDRAND... yes
checking whether C compiler accepts -mrdrnd... (cached) yes
checking for sys/mman.h... yes
checking for sys/param.h... yes
checking for sys/random.h... yes
checking for intrin.h... no
checking for sys/auxv.h... yes
checking for CommonCrypto/CommonRandom.h... no
checking for cet.h... no
checking for threads.h... yes
checking if _xgetbv() is available... no
checking for inline... inline
checking whether byte ordering is bigendian... (cached) no
checking whether __STDC_LIMIT_MACROS is required... no
checking whether we can use inline asm code... yes
no
checking whether we can use x86_64 asm code... yes
checking whether we can assemble AVX opcodes... yes
checking for 128-bit arithmetic... yes
checking for cpuid instruction... yes
checking if the .private_extern asm directive is supported... no
checking if the .hidden asm directive is supported... yes
checking if weak symbols are supported... yes
checking if atomic operations are supported... yes
checking if C11 memory fences are supported... yes
checking if gcc memory fences are supported... yes
checking for size_t... yes
checking for working alloca.h... yes
checking for alloca... yes
checking for arc4random... yes
checking for arc4random_buf... yes
checking for mmap... yes
checking for mlock... yes
checking for madvise... yes
checking for mprotect... yes
checking for raise... yes
checking for sysconf... yes
checking for getrandom with a standard API... yes
checking for getrandom... yes
checking for getentropy with a standard API... yes
checking for getentropy... yes
checking for getpid... yes
checking for getauxval... yes
checking for elf_aux_info... no
checking for posix_memalign... yes
checking for nanosleep... yes
checking for clock_gettime... yes
checking for memset_s... no
checking for explicit_bzero... yes
checking for memset_explicit... no
checking for explicit_memset... no
checking if gcc/ld supports -Wl,--output-def... no
checking that generated files are newer than configure... done
configure: creating ./config.status
config.status: creating Makefile
config.status: creating builds/Makefile
config.status: creating contrib/Makefile
config.status: creating dist-build/Makefile
config.status: creating libsodium.pc
config.status: creating libsodium-uninstalled.pc
config.status: creating src/Makefile
config.status: creating src/libsodium/Makefile
config.status: creating src/libsodium/include/Makefile
config.status: creating src/libsodium/include/sodium/version.h
config.status: creating test/default/Makefile
config.status: creating test/Makefile
config.status: executing depfiles commands
config.status: executing libtool commands
Making all in builds
make[1]: Entering directory '/home/radar/borealis/libsodium-stable/builds'
make[1]: Nothing to be done for 'all'.
make[1]: Leaving directory '/home/radar/borealis/libsodium-stable/builds'
Making all in contrib
make[1]: Entering directory '/home/radar/borealis/libsodium-stable/contrib'
make[1]: Nothing to be done for 'all'.
make[1]: Leaving directory '/home/radar/borealis/libsodium-stable/contrib'
Making all in dist-build
make[1]: Entering directory '/home/radar/borealis/libsodium-stable/dist-build'
make[1]: Nothing to be done for 'all'.
make[1]: Leaving directory '/home/radar/borealis/libsodium-stable/dist-build'
Making all in src
make[1]: Entering directory '/home/radar/borealis/libsodium-stable/src'
Making all in libsodium
make[2]: Entering directory '/home/radar/borealis/libsodium-stable/src/libsodium'
Making all in include
make[3]: Entering directory '/home/radar/borealis/libsodium-stable/src/libsodium/include'
make[3]: Nothing to be done for 'all'.
make[3]: Leaving directory '/home/radar/borealis/libsodium-stable/src/libsodium/include'
make[3]: Entering directory '/home/radar/borealis/libsodium-stable/src/libsodium'
  CC       crypto_shorthash/siphash24/libsodium_la-shorthash_siphashx24.lo
  CC       crypto_shorthash/siphash24/ref/libsodium_la-shorthash_siphashx24_ref.lo
  CC       crypto_sign/ed25519/ref10/libsodium_la-obsolete.lo
  CC       crypto_aead/aegis128l/libaesni_la-aegis128l_aesni.lo
  CC       crypto_aead/aegis256/libaesni_la-aegis256_aesni.lo
  CC       crypto_aead/aegis128l/libarmcrypto_la-aegis128l_armcrypto.lo
  CC       crypto_aead/aegis256/libarmcrypto_la-aegis256_armcrypto.lo
  CC       crypto_generichash/blake2b/ref/libssse3_la-blake2b-compress-ssse3.lo
  CC       crypto_pwhash/argon2/libssse3_la-argon2-fill-block-ssse3.lo
  CC       crypto_generichash/blake2b/ref/libsse41_la-blake2b-compress-sse41.lo
  CC       crypto_generichash/blake2b/ref/libavx2_la-blake2b-compress-avx2.lo
  CC       crypto_pwhash/argon2/libavx2_la-argon2-fill-block-avx2.lo
  CC       crypto_stream/chacha20/dolbeau/libavx2_la-chacha20_dolbeau-avx2.lo
  CC       crypto_pwhash/argon2/libavx512f_la-argon2-fill-block-avx512f.lo
  CC       crypto_aead/aegis128l/libsodium_la-aead_aegis128l.lo
  CC       crypto_aead/aegis128l/libsodium_la-aegis128l_soft.lo
  CC       crypto_aead/aegis256/libsodium_la-aead_aegis256.lo
  CC       crypto_aead/aegis256/libsodium_la-aegis256_soft.lo
  CC       crypto_aead/aes256gcm/libsodium_la-aead_aes256gcm.lo
  CC       crypto_aead/chacha20poly1305/libsodium_la-aead_chacha20poly1305.lo
  CC       crypto_aead/xchacha20poly1305/libsodium_la-aead_xchacha20poly1305.lo
  CC       crypto_auth/libsodium_la-crypto_auth.lo
  CC       crypto_auth/hmacsha256/libsodium_la-auth_hmacsha256.lo
  CC       crypto_auth/hmacsha512/libsodium_la-auth_hmacsha512.lo
  CC       crypto_auth/hmacsha512256/libsodium_la-auth_hmacsha512256.lo
  CC       crypto_box/libsodium_la-crypto_box.lo
  CC       crypto_box/libsodium_la-crypto_box_easy.lo
  CC       crypto_box/libsodium_la-crypto_box_seal.lo
  CC       crypto_box/curve25519xsalsa20poly1305/libsodium_la-box_curve25519xsalsa20poly1305.lo
  CC       crypto_core/ed25519/ref10/libsodium_la-ed25519_ref10.lo
  CC       crypto_core/hchacha20/libsodium_la-core_hchacha20.lo
  CC       crypto_core/hsalsa20/ref2/libsodium_la-core_hsalsa20_ref2.lo
  CC       crypto_core/hsalsa20/libsodium_la-core_hsalsa20.lo
  CC       crypto_core/salsa/ref/libsodium_la-core_salsa_ref.lo
  CC       crypto_core/softaes/libsodium_la-softaes.lo
  CC       crypto_generichash/libsodium_la-crypto_generichash.lo
  CC       crypto_generichash/blake2b/libsodium_la-generichash_blake2.lo
  CC       crypto_generichash/blake2b/ref/libsodium_la-blake2b-compress-ref.lo
  CC       crypto_generichash/blake2b/ref/libsodium_la-blake2b-ref.lo
  CC       crypto_generichash/blake2b/ref/libsodium_la-generichash_blake2b.lo
  CC       crypto_hash/libsodium_la-crypto_hash.lo
  CC       crypto_hash/sha256/libsodium_la-hash_sha256.lo
  CC       crypto_hash/sha256/cp/libsodium_la-hash_sha256_cp.lo
  CC       crypto_hash/sha512/libsodium_la-hash_sha512.lo
  CC       crypto_hash/sha512/cp/libsodium_la-hash_sha512_cp.lo
  CC       crypto_kdf/blake2b/libsodium_la-kdf_blake2b.lo
  CC       crypto_kdf/libsodium_la-crypto_kdf.lo
  CC       crypto_kdf/hkdf/libsodium_la-kdf_hkdf_sha256.lo
  CC       crypto_kdf/hkdf/libsodium_la-kdf_hkdf_sha512.lo
  CC       crypto_kx/libsodium_la-crypto_kx.lo
  CC       crypto_onetimeauth/libsodium_la-crypto_onetimeauth.lo
  CC       crypto_onetimeauth/poly1305/libsodium_la-onetimeauth_poly1305.lo
  CC       crypto_onetimeauth/poly1305/donna/libsodium_la-poly1305_donna.lo
  CC       crypto_pwhash/argon2/libsodium_la-argon2-core.lo
  CC       crypto_pwhash/argon2/libsodium_la-argon2-encoding.lo
  CC       crypto_pwhash/argon2/libsodium_la-argon2-fill-block-ref.lo
  CC       crypto_pwhash/argon2/libsodium_la-argon2.lo
  CC       crypto_pwhash/argon2/libsodium_la-blake2b-long.lo
  CC       crypto_pwhash/argon2/libsodium_la-pwhash_argon2i.lo
  CC       crypto_pwhash/argon2/libsodium_la-pwhash_argon2id.lo
  CC       crypto_pwhash/libsodium_la-crypto_pwhash.lo
  CC       crypto_scalarmult/libsodium_la-crypto_scalarmult.lo
  CC       crypto_scalarmult/curve25519/ref10/libsodium_la-x25519_ref10.lo
  CC       crypto_scalarmult/curve25519/libsodium_la-scalarmult_curve25519.lo
  CC       crypto_secretbox/libsodium_la-crypto_secretbox.lo
  CC       crypto_secretbox/libsodium_la-crypto_secretbox_easy.lo
  CC       crypto_secretbox/xsalsa20poly1305/libsodium_la-secretbox_xsalsa20poly1305.lo
  CC       crypto_secretstream/xchacha20poly1305/libsodium_la-secretstream_xchacha20poly1305.lo
  CC       crypto_shorthash/libsodium_la-crypto_shorthash.lo
  CC       crypto_shorthash/siphash24/libsodium_la-shorthash_siphash24.lo
  CC       crypto_shorthash/siphash24/ref/libsodium_la-shorthash_siphash24_ref.lo
  CC       crypto_sign/libsodium_la-crypto_sign.lo
  CC       crypto_sign/ed25519/libsodium_la-sign_ed25519.lo
  CC       crypto_sign/ed25519/ref10/libsodium_la-keypair.lo
  CC       crypto_sign/ed25519/ref10/libsodium_la-open.lo
  CC       crypto_sign/ed25519/ref10/libsodium_la-sign.lo
  CC       crypto_stream/chacha20/libsodium_la-stream_chacha20.lo
  CC       crypto_stream/chacha20/ref/libsodium_la-chacha20_ref.lo
  CC       crypto_stream/libsodium_la-crypto_stream.lo
  CC       crypto_stream/salsa20/libsodium_la-stream_salsa20.lo
  CC       crypto_stream/xsalsa20/libsodium_la-stream_xsalsa20.lo
  CC       crypto_verify/libsodium_la-verify.lo
  CC       randombytes/libsodium_la-randombytes.lo
  CC       sodium/libsodium_la-codecs.lo
  CC       sodium/libsodium_la-core.lo
  CC       sodium/libsodium_la-runtime.lo
  CC       sodium/libsodium_la-utils.lo
  CC       sodium/libsodium_la-version.lo
  CPPAS    crypto_stream/salsa20/xmm6/libsodium_la-salsa20_xmm6-asm.lo
  CC       crypto_stream/salsa20/xmm6/libsodium_la-salsa20_xmm6.lo
  CC       crypto_scalarmult/curve25519/sandy2x/libsodium_la-curve25519_sandy2x.lo
  CC       crypto_scalarmult/curve25519/sandy2x/libsodium_la-fe51_invert.lo
  CC       crypto_scalarmult/curve25519/sandy2x/libsodium_la-fe_frombytes_sandy2x.lo
  CPPAS    crypto_scalarmult/curve25519/sandy2x/libsodium_la-sandy2x.lo
  CC       crypto_box/curve25519xchacha20poly1305/libsodium_la-box_curve25519xchacha20poly1305.lo
  CC       crypto_box/curve25519xchacha20poly1305/libsodium_la-box_seal_curve25519xchacha20poly1305.lo
  CC       crypto_core/ed25519/libsodium_la-core_ed25519.lo
  CC       crypto_core/ed25519/libsodium_la-core_ristretto255.lo
  CC       crypto_pwhash/scryptsalsa208sha256/libsodium_la-crypto_scrypt-common.lo
  CC       crypto_pwhash/scryptsalsa208sha256/libsodium_la-scrypt_platform.lo
  CC       crypto_pwhash/scryptsalsa208sha256/libsodium_la-pbkdf2-sha256.lo
  CC       crypto_pwhash/scryptsalsa208sha256/libsodium_la-pwhash_scryptsalsa208sha256.lo
  CC       crypto_pwhash/scryptsalsa208sha256/nosse/libsodium_la-pwhash_scryptsalsa208sha256_nosse.lo
  CC       crypto_scalarmult/ed25519/ref10/libsodium_la-scalarmult_ed25519_ref10.lo
  CC       crypto_scalarmult/ristretto255/ref10/libsodium_la-scalarmult_ristretto255_ref10.lo
  CC       crypto_secretbox/xchacha20poly1305/libsodium_la-secretbox_xchacha20poly1305.lo
  CC       crypto_stream/salsa2012/ref/libsodium_la-stream_salsa2012_ref.lo
  CC       crypto_stream/salsa2012/libsodium_la-stream_salsa2012.lo
  CC       crypto_stream/salsa208/ref/libsodium_la-stream_salsa208_ref.lo
  CC       crypto_stream/salsa208/libsodium_la-stream_salsa208.lo
  CC       crypto_stream/xchacha20/libsodium_la-stream_xchacha20.lo
  CC       randombytes/sysrandom/libsodium_la-randombytes_sysrandom.lo
  CC       crypto_aead/aes256gcm/aesni/libaesni_la-aead_aes256gcm_aesni.lo
  CC       crypto_aead/aes256gcm/armcrypto/libarmcrypto_la-aead_aes256gcm_armcrypto.lo
  CC       crypto_onetimeauth/poly1305/sse2/libsse2_la-poly1305_sse2.lo
  CC       crypto_pwhash/scryptsalsa208sha256/sse/libsse2_la-pwhash_scryptsalsa208sha256_sse.lo
  CC       crypto_stream/chacha20/dolbeau/libssse3_la-chacha20_dolbeau-ssse3.lo
  CCLD     libsse41.la
libtool: warning: '-version-info/-version-number' is ignored for convenience libraries
  CC       crypto_stream/salsa20/xmm6int/libavx2_la-salsa20_xmm6int-avx2.lo
  CCLD     libavx512f.la
  CC       randombytes/internal/librdrand_la-randombytes_internal_random.lo
  CCLD     libarmcrypto.la
libtool: warning: '-version-info/-version-number' is ignored for convenience libraries
libtool: warning: '-version-info/-version-number' is ignored for convenience libraries
  CCLD     libssse3.la
libtool: warning: '-version-info/-version-number' is ignored for convenience libraries
  CCLD     librdrand.la
  CCLD     libsse2.la
libtool: warning: '-version-info/-version-number' is ignored for convenience libraries
libtool: warning: '-version-info/-version-number' is ignored for convenience libraries
  CCLD     libavx2.la
libtool: warning: '-version-info/-version-number' is ignored for convenience libraries
  CCLD     libaesni.la
libtool: warning: '-version-info/-version-number' is ignored for convenience libraries
  CCLD     libsodium.la
make[3]: Leaving directory '/home/radar/borealis/libsodium-stable/src/libsodium'
make[2]: Leaving directory '/home/radar/borealis/libsodium-stable/src/libsodium'
make[2]: Entering directory '/home/radar/borealis/libsodium-stable/src'
make[2]: Nothing to be done for 'all-am'.
make[2]: Leaving directory '/home/radar/borealis/libsodium-stable/src'
make[1]: Leaving directory '/home/radar/borealis/libsodium-stable/src'
Making all in test
make[1]: Entering directory '/home/radar/borealis/libsodium-stable/test'
Making all in default
make[2]: Entering directory '/home/radar/borealis/libsodium-stable/test/default'
make[2]: Nothing to be done for 'all'.
make[2]: Leaving directory '/home/radar/borealis/libsodium-stable/test/default'
make[2]: Entering directory '/home/radar/borealis/libsodium-stable/test'
make[2]: Nothing to be done for 'all-am'.
make[2]: Leaving directory '/home/radar/borealis/libsodium-stable/test'
make[1]: Leaving directory '/home/radar/borealis/libsodium-stable/test'
make[1]: Entering directory '/home/radar/borealis/libsodium-stable'
make[1]: Nothing to be done for 'all-am'.
make[1]: Leaving directory '/home/radar/borealis/libsodium-stable'
Making check in builds
make[1]: Entering directory '/home/radar/borealis/libsodium-stable/builds'
make[1]: Nothing to be done for 'check'.
make[1]: Leaving directory '/home/radar/borealis/libsodium-stable/builds'
Making check in contrib
make[1]: Entering directory '/home/radar/borealis/libsodium-stable/contrib'
make[1]: Nothing to be done for 'check'.
make[1]: Leaving directory '/home/radar/borealis/libsodium-stable/contrib'
Making check in dist-build
make[1]: Entering directory '/home/radar/borealis/libsodium-stable/dist-build'
make[1]: Nothing to be done for 'check'.
make[1]: Leaving directory '/home/radar/borealis/libsodium-stable/dist-build'
Making check in src
make[1]: Entering directory '/home/radar/borealis/libsodium-stable/src'
Making check in libsodium
make[2]: Entering directory '/home/radar/borealis/libsodium-stable/src/libsodium'
Making check in include
make[3]: Entering directory '/home/radar/borealis/libsodium-stable/src/libsodium/include'
make[3]: Nothing to be done for 'check'.
make[3]: Leaving directory '/home/radar/borealis/libsodium-stable/src/libsodium/include'
make[3]: Entering directory '/home/radar/borealis/libsodium-stable/src/libsodium'
make[3]: Nothing to be done for 'check-am'.
make[3]: Leaving directory '/home/radar/borealis/libsodium-stable/src/libsodium'
make[2]: Leaving directory '/home/radar/borealis/libsodium-stable/src/libsodium'
make[2]: Entering directory '/home/radar/borealis/libsodium-stable/src'
make[2]: Nothing to be done for 'check-am'.
make[2]: Leaving directory '/home/radar/borealis/libsodium-stable/src'
make[1]: Leaving directory '/home/radar/borealis/libsodium-stable/src'
Making check in test
make[1]: Entering directory '/home/radar/borealis/libsodium-stable/test'
Making check in default
make[2]: Entering directory '/home/radar/borealis/libsodium-stable/test/default'
make  aead_aegis128l aead_aegis256 aead_aes256gcm aead_aes256gcm2 aead_chacha20poly1305 aead_chacha20poly13052 aead_xchacha20poly1305 auth auth2 auth3 auth5 auth6 auth7 box box2 box7 box8 box_easy box_easy2 box_seal box_seed chacha20 codecs core1 core2 core3 core4 core5 core6 ed25519_convert generichash generichash2 generichash3 hash hash3 kdf keygen kx metamorphic misuse onetimeauth onetimeauth2 onetimeauth7 pwhash_argon2i pwhash_argon2id randombytes scalarmult scalarmult2 scalarmult5 scalarmult6 scalarmult7 scalarmult8 secretbox secretbox2 secretbox7 secretbox8 secretbox_easy secretbox_easy2 secretstream_xchacha20poly1305 shorthash sign sodium_core sodium_utils sodium_version stream stream2 stream3 stream4 verify1 sodium_utils2 sodium_utils3 core_ed25519 core_ristretto255 kdf_hkdf pwhash_scrypt pwhash_scrypt_ll scalarmult_ed25519 scalarmult_ristretto255 siphashx24 xchacha20
make[3]: Entering directory '/home/radar/borealis/libsodium-stable/test/default'
  CC       aead_aegis128l.o
  CC       aead_aegis256.o
  CC       aead_aes256gcm.o
  CC       aead_aes256gcm2.o
  CC       aead_chacha20poly1305.o
  CC       aead_chacha20poly13052.o
  CC       aead_xchacha20poly1305.o
  CC       auth.o
  CC       auth2.o
  CC       auth3.o
  CC       auth5.o
  CC       auth6.o
  CC       auth7.o
  CC       box.o
  CC       box2.o
  CC       box7.o
  CC       box8.o
  CC       box_easy.o
  CC       box_easy2.o
  CC       box_seal.o
  CC       box_seed.o
  CC       chacha20.o
  CC       codecs.o
  CC       core1.o
  CC       core2.o
  CC       core3.o
  CC       core4.o
  CC       core5.o
  CC       core6.o
  CC       ed25519_convert.o
  CC       generichash.o
  CC       generichash2.o
  CC       generichash3.o
  CC       hash.o
  CC       hash3.o
  CC       kdf.o
  CC       keygen.o
  CC       kx.o
  CC       metamorphic.o
  CC       misuse.o
  CC       onetimeauth.o
  CC       onetimeauth2.o
  CC       onetimeauth7.o
  CC       pwhash_argon2i.o
  CC       pwhash_argon2id.o
  CC       randombytes.o
  CC       scalarmult.o
  CC       scalarmult2.o
  CC       scalarmult5.o
  CC       scalarmult6.o
  CC       scalarmult7.o
  CC       scalarmult8.o
  CC       secretbox.o
  CC       secretbox2.o
  CC       secretbox7.o
  CC       secretbox8.o
  CC       secretbox_easy.o
  CC       secretbox_easy2.o
  CC       secretstream_xchacha20poly1305.o
  CC       shorthash.o
  CC       sign.o
  CC       sodium_core.o
  CC       sodium_utils.o
  CC       sodium_version.o
  CC       stream.o
  CC       stream2.o
  CC       stream3.o
  CC       stream4.o
  CC       verify1.o
  CC       sodium_utils2.o
  CC       sodium_utils3.o
  CC       core_ed25519.o
  CC       core_ristretto255.o
  CC       kdf_hkdf.o
  CC       pwhash_scrypt.o
  CC       pwhash_scrypt_ll.o
  CC       scalarmult_ed25519.o
  CC       scalarmult_ristretto255.o
  CC       siphashx24.o
  CC       xchacha20.o
  CCLD     aead_aegis128l
  CCLD     aead_aegis256
  CCLD     aead_aes256gcm
  CCLD     aead_aes256gcm2
  CCLD     aead_chacha20poly1305
  CCLD     aead_chacha20poly13052
  CCLD     aead_xchacha20poly1305
  CCLD     auth
  CCLD     auth2
  CCLD     auth3
  CCLD     auth5
  CCLD     auth6
  CCLD     auth7
  CCLD     box
  CCLD     box2
  CCLD     box7
  CCLD     box8
  CCLD     box_easy
  CCLD     box_easy2
  CCLD     box_seal
  CCLD     box_seed
  CCLD     chacha20
  CCLD     codecs
  CCLD     core1
  CCLD     core2
  CCLD     core3
  CCLD     core4
  CCLD     core5
  CCLD     core6
  CCLD     ed25519_convert
  CCLD     generichash
  CCLD     generichash2
  CCLD     generichash3
  CCLD     hash
  CCLD     hash3
  CCLD     kdf
  CCLD     keygen
  CCLD     kx
  CCLD     metamorphic
  CCLD     misuse
  CCLD     onetimeauth
  CCLD     onetimeauth2
  CCLD     onetimeauth7
  CCLD     pwhash_argon2i
  CCLD     pwhash_argon2id
  CCLD     randombytes
  CCLD     scalarmult
  CCLD     scalarmult2
  CCLD     scalarmult5
  CCLD     scalarmult6
  CCLD     scalarmult7
  CCLD     scalarmult8
  CCLD     secretbox
  CCLD     secretbox2
  CCLD     secretbox7
  CCLD     secretbox8
  CCLD     secretbox_easy
  CCLD     secretbox_easy2
  CCLD     secretstream_xchacha20poly1305
  CCLD     shorthash
  CCLD     sign
  CCLD     sodium_core
  CCLD     sodium_utils
  CCLD     sodium_version
  CCLD     stream
  CCLD     stream2
  CCLD     stream3
  CCLD     stream4
  CCLD     verify1
  CCLD     sodium_utils2
  CCLD     sodium_utils3
  CCLD     core_ed25519
  CCLD     core_ristretto255
  CCLD     kdf_hkdf
  CCLD     pwhash_scrypt
  CCLD     pwhash_scrypt_ll
  CCLD     scalarmult_ed25519
  CCLD     scalarmult_ristretto255
  CCLD     siphashx24
  CCLD     xchacha20
make[3]: Leaving directory '/home/radar/borealis/libsodium-stable/test/default'
make  check-TESTS
make[3]: Entering directory '/home/radar/borealis/libsodium-stable/test/default'
make[4]: Entering directory '/home/radar/borealis/libsodium-stable/test/default'
PASS: aead_chacha20poly1305
PASS: aead_xchacha20poly1305
PASS: aead_aes256gcm2
PASS: aead_aegis256
PASS: aead_aegis128l
PASS: auth
PASS: aead_chacha20poly13052
PASS: auth2
PASS: auth3
PASS: auth6
PASS: box
PASS: box2
PASS: auth7
PASS: box_easy
PASS: auth5
PASS: box_seal
PASS: box_seed
PASS: box_easy2
PASS: core1
PASS: core2
PASS: aead_aes256gcm
PASS: chacha20
PASS: core5
PASS: core4
PASS: core6
PASS: codecs
PASS: generichash2
PASS: generichash
PASS: hash
PASS: generichash3
PASS: hash3
PASS: kdf
PASS: keygen
PASS: kx
PASS: box7
PASS: misuse
PASS: onetimeauth
PASS: onetimeauth2
PASS: onetimeauth7
PASS: ed25519_convert
PASS: core3
PASS: scalarmult
PASS: scalarmult2
PASS: scalarmult5
PASS: scalarmult6
PASS: randombytes
PASS: scalarmult7
PASS: scalarmult8
PASS: secretbox
PASS: secretbox2
PASS: secretbox7
PASS: secretbox_easy
PASS: secretstream_xchacha20poly1305
PASS: secretbox8
PASS: shorthash
PASS: secretbox_easy2
PASS: sodium_core
PASS: sodium_version
PASS: pwhash_argon2i
PASS: sodium_utils
PASS: box8
PASS: stream4
PASS: stream3
PASS: stream
PASS: stream2
PASS: pwhash_argon2id
PASS: sodium_utils3
PASS: kdf_hkdf
PASS: metamorphic
PASS: scalarmult_ed25519
PASS: pwhash_scrypt_ll
PASS: scalarmult_ristretto255
PASS: verify1
PASS: siphashx24
PASS: xchacha20
PASS: sign
PASS: sodium_utils2
PASS: core_ed25519
PASS: pwhash_scrypt
PASS: core_ristretto255
============================================================================
Testsuite summary for libsodium 1.0.20
============================================================================
# TOTAL: 80
# PASS:  80
# SKIP:  0
# XFAIL: 0
# FAIL:  0
# XPASS: 0
# ERROR: 0
============================================================================
make[4]: Leaving directory '/home/radar/borealis/libsodium-stable/test/default'
make[3]: Leaving directory '/home/radar/borealis/libsodium-stable/test/default'
make[2]: Leaving directory '/home/radar/borealis/libsodium-stable/test/default'
make[2]: Entering directory '/home/radar/borealis/libsodium-stable/test'
make[2]: Nothing to be done for 'check-am'.
make[2]: Leaving directory '/home/radar/borealis/libsodium-stable/test'
make[1]: Leaving directory '/home/radar/borealis/libsodium-stable/test'
make[1]: Entering directory '/home/radar/borealis/libsodium-stable'
make[1]: Nothing to be done for 'check-am'.
make[1]: Leaving directory '/home/radar/borealis/libsodium-stable'
Making install in builds
make[1]: Entering directory '/home/radar/borealis/libsodium-stable/builds'
make[2]: Entering directory '/home/radar/borealis/libsodium-stable/builds'
make[2]: Nothing to be done for 'install-exec-am'.
make[2]: Nothing to be done for 'install-data-am'.
make[2]: Leaving directory '/home/radar/borealis/libsodium-stable/builds'
make[1]: Leaving directory '/home/radar/borealis/libsodium-stable/builds'
Making install in contrib
make[1]: Entering directory '/home/radar/borealis/libsodium-stable/contrib'
make[2]: Entering directory '/home/radar/borealis/libsodium-stable/contrib'
make[2]: Nothing to be done for 'install-exec-am'.
make[2]: Nothing to be done for 'install-data-am'.
make[2]: Leaving directory '/home/radar/borealis/libsodium-stable/contrib'
make[1]: Leaving directory '/home/radar/borealis/libsodium-stable/contrib'
Making install in dist-build
make[1]: Entering directory '/home/radar/borealis/libsodium-stable/dist-build'
make[2]: Entering directory '/home/radar/borealis/libsodium-stable/dist-build'
make[2]: Nothing to be done for 'install-exec-am'.
make[2]: Nothing to be done for 'install-data-am'.
make[2]: Leaving directory '/home/radar/borealis/libsodium-stable/dist-build'
make[1]: Leaving directory '/home/radar/borealis/libsodium-stable/dist-build'
Making install in src
make[1]: Entering directory '/home/radar/borealis/libsodium-stable/src'
Making install in libsodium
make[2]: Entering directory '/home/radar/borealis/libsodium-stable/src/libsodium'
Making install in include
make[3]: Entering directory '/home/radar/borealis/libsodium-stable/src/libsodium/include'
make[4]: Entering directory '/home/radar/borealis/libsodium-stable/src/libsodium/include'
make[4]: Nothing to be done for 'install-exec-am'.
 /usr/bin/mkdir -p '/usr/local/include'
 /usr/bin/mkdir -p '/usr/local/include/sodium'
 /usr/bin/install -c -m 644  sodium/core.h sodium/crypto_aead_aes256gcm.h sodium/crypto_aead_aegis128l.h sodium/crypto_aead_aegis256.h sodium/crypto_aead_chacha20poly1305.h sodium/crypto_aead_xchacha20poly1305.h sodium/crypto_auth.h sodium/crypto_auth_hmacsha256.h sodium/crypto_auth_hmacsha512.h sodium/crypto_auth_hmacsha512256.h sodium/crypto_box.h sodium/crypto_box_curve25519xchacha20poly1305.h sodium/crypto_box_curve25519xsalsa20poly1305.h sodium/crypto_core_ed25519.h sodium/crypto_core_ristretto255.h sodium/crypto_core_hchacha20.h sodium/crypto_core_hsalsa20.h sodium/crypto_core_salsa20.h sodium/crypto_core_salsa2012.h sodium/crypto_core_salsa208.h sodium/crypto_generichash.h sodium/crypto_generichash_blake2b.h sodium/crypto_hash.h sodium/crypto_hash_sha256.h sodium/crypto_hash_sha512.h sodium/crypto_kdf.h sodium/crypto_kdf_hkdf_sha256.h sodium/crypto_kdf_hkdf_sha512.h sodium/crypto_kdf_blake2b.h sodium/crypto_kx.h sodium/crypto_onetimeauth.h sodium/crypto_onetimeauth_poly1305.h sodium/crypto_pwhash.h sodium/crypto_pwhash_argon2i.h sodium/crypto_pwhash_argon2id.h sodium/crypto_pwhash_scryptsalsa208sha256.h sodium/crypto_scalarmult.h sodium/crypto_scalarmult_curve25519.h sodium/crypto_scalarmult_ed25519.h sodium/crypto_scalarmult_ristretto255.h '/usr/local/include/sodium'
 /usr/bin/mkdir -p '/usr/local/include/sodium'
 /usr/bin/install -c -m 644  sodium/crypto_secretbox.h sodium/crypto_secretbox_xchacha20poly1305.h sodium/crypto_secretbox_xsalsa20poly1305.h sodium/crypto_secretstream_xchacha20poly1305.h sodium/crypto_shorthash.h sodium/crypto_shorthash_siphash24.h sodium/crypto_sign.h sodium/crypto_sign_ed25519.h sodium/crypto_sign_edwards25519sha512batch.h sodium/crypto_stream.h sodium/crypto_stream_chacha20.h sodium/crypto_stream_salsa20.h sodium/crypto_stream_salsa2012.h sodium/crypto_stream_salsa208.h sodium/crypto_stream_xchacha20.h sodium/crypto_stream_xsalsa20.h sodium/crypto_verify_16.h sodium/crypto_verify_32.h sodium/crypto_verify_64.h sodium/export.h sodium/randombytes.h sodium/randombytes_internal_random.h sodium/randombytes_sysrandom.h sodium/runtime.h sodium/utils.h '/usr/local/include/sodium'
 /usr/bin/install -c -m 644  sodium.h '/usr/local/include/.'
 /usr/bin/mkdir -p '/usr/local/include'
 /usr/bin/mkdir -p '/usr/local/include/sodium'
 /usr/bin/install -c -m 644  sodium/version.h '/usr/local/include/sodium'
make[4]: Leaving directory '/home/radar/borealis/libsodium-stable/src/libsodium/include'
make[3]: Leaving directory '/home/radar/borealis/libsodium-stable/src/libsodium/include'
make[3]: Entering directory '/home/radar/borealis/libsodium-stable/src/libsodium'
make[4]: Entering directory '/home/radar/borealis/libsodium-stable/src/libsodium'
 /usr/bin/mkdir -p '/usr/local/lib'
 /bin/sh ../../libtool   --mode=install /usr/bin/install -c   libsodium.la '/usr/local/lib'
libtool: install: /usr/bin/install -c .libs/libsodium.so.26.2.0 /usr/local/lib/libsodium.so.26.2.0
libtool: install: (cd /usr/local/lib && { ln -s -f libsodium.so.26.2.0 libsodium.so.26 || { rm -f libsodium.so.26 && ln -s libsodium.so.26.2.0 libsodium.so.26; }; })
libtool: install: (cd /usr/local/lib && { ln -s -f libsodium.so.26.2.0 libsodium.so || { rm -f libsodium.so && ln -s libsodium.so.26.2.0 libsodium.so; }; })
libtool: install: /usr/bin/install -c .libs/libsodium.lai /usr/local/lib/libsodium.la
libtool: install: /usr/bin/install -c .libs/libsodium.a /usr/local/lib/libsodium.a
libtool: install: chmod 644 /usr/local/lib/libsodium.a
libtool: install: ranlib /usr/local/lib/libsodium.a
libtool: finish: PATH="/usr/sbin:/usr/bin:/sbin:/bin:/sbin" ldconfig -n /usr/local/lib
----------------------------------------------------------------------
Libraries have been installed in:
   /usr/local/lib

If you ever happen to want to link against installed libraries
in a given directory, LIBDIR, you must either use libtool, and
specify the full pathname of the library, or use the '-LLIBDIR'
flag during linking and do at least one of the following:
   - add LIBDIR to the 'LD_LIBRARY_PATH' environment variable
     during execution
   - add LIBDIR to the 'LD_RUN_PATH' environment variable
     during linking
   - use the '-Wl,-rpath -Wl,LIBDIR' linker flag
   - have your system administrator add LIBDIR to '/etc/ld.so.conf'

See any operating system documentation about shared libraries for
more information, such as the ld(1) and ld.so(8) manual pages.
----------------------------------------------------------------------
make[4]: Nothing to be done for 'install-data-am'.
make[4]: Leaving directory '/home/radar/borealis/libsodium-stable/src/libsodium'
make[3]: Leaving directory '/home/radar/borealis/libsodium-stable/src/libsodium'
make[2]: Leaving directory '/home/radar/borealis/libsodium-stable/src/libsodium'
make[2]: Entering directory '/home/radar/borealis/libsodium-stable/src'
make[3]: Entering directory '/home/radar/borealis/libsodium-stable/src'
make[3]: Nothing to be done for 'install-exec-am'.
make[3]: Nothing to be done for 'install-data-am'.
make[3]: Leaving directory '/home/radar/borealis/libsodium-stable/src'
make[2]: Leaving directory '/home/radar/borealis/libsodium-stable/src'
make[1]: Leaving directory '/home/radar/borealis/libsodium-stable/src'
Making install in test
make[1]: Entering directory '/home/radar/borealis/libsodium-stable/test'
Making install in default
make[2]: Entering directory '/home/radar/borealis/libsodium-stable/test/default'
make[3]: Entering directory '/home/radar/borealis/libsodium-stable/test/default'
make[3]: Nothing to be done for 'install-exec-am'.
make[3]: Nothing to be done for 'install-data-am'.
make[3]: Leaving directory '/home/radar/borealis/libsodium-stable/test/default'
make[2]: Leaving directory '/home/radar/borealis/libsodium-stable/test/default'
make[2]: Entering directory '/home/radar/borealis/libsodium-stable/test'
make[3]: Entering directory '/home/radar/borealis/libsodium-stable/test'
make[3]: Nothing to be done for 'install-exec-am'.
make[3]: Nothing to be done for 'install-data-am'.
make[3]: Leaving directory '/home/radar/borealis/libsodium-stable/test'
make[2]: Leaving directory '/home/radar/borealis/libsodium-stable/test'
make[1]: Leaving directory '/home/radar/borealis/libsodium-stable/test'
make[1]: Entering directory '/home/radar/borealis/libsodium-stable'
make[2]: Entering directory '/home/radar/borealis/libsodium-stable'
make[2]: Nothing to be done for 'install-exec-am'.
 /usr/bin/mkdir -p '/usr/local/lib/pkgconfig'
 /usr/bin/install -c -m 644 libsodium.pc '/usr/local/lib/pkgconfig'
make[2]: Leaving directory '/home/radar/borealis/libsodium-stable'
make[1]: Leaving directory '/home/radar/borealis/libsodium-stable'

Cloning into 'libzmq'...
autoreconf: Entering directory `.'
autoreconf: configure.ac: not using Gettext
autoreconf: running: aclocal -I config --force -I config
autoreconf: configure.ac: tracing
autoreconf: running: libtoolize --copy --force
libtoolize: putting auxiliary files in AC_CONFIG_AUX_DIR, 'config'.
libtoolize: copying file 'config/ltmain.sh'
libtoolize: putting macros in AC_CONFIG_MACRO_DIRS, 'config'.
libtoolize: copying file 'config/libtool.m4'
libtoolize: copying file 'config/ltoptions.m4'
libtoolize: copying file 'config/ltsugar.m4'
libtoolize: copying file 'config/ltversion.m4'
libtoolize: copying file 'config/lt~obsolete.m4'
autoreconf: running: /usr/bin/autoconf --include=config --force
autoreconf: running: /usr/bin/autoheader --include=config --force
autoreconf: running: automake --add-missing --copy --force-missing
configure.ac:68: installing 'config/compile'
configure.ac:79: installing 'config/config.guess'
configure.ac:79: installing 'config/config.sub'
configure.ac:14: installing 'config/install-sh'
configure.ac:14: installing 'config/missing'
Makefile.am: installing 'config/depcomp'
parallel-tests: installing 'config/test-driver'
autoreconf: Leaving directory `.'
checking for a BSD-compatible install... /usr/bin/install -c
checking whether build environment is sane... yes
checking for a thread-safe mkdir -p... /usr/bin/mkdir -p
checking for gawk... gawk
checking whether make sets $(MAKE)... yes
checking whether make supports nested variables... yes
checking whether UID '0' is supported by ustar format... yes
checking whether GID '0' is supported by ustar format... yes
checking how to create a ustar tar archive... gnutar
checking whether to enable maintainer-specific portions of Makefiles... yes
checking whether make supports nested variables... (cached) yes
checking for gcc... gcc
checking whether the C compiler works... yes
checking for C compiler default output file name... a.out
checking for suffix of executables... 
checking whether we are cross compiling... no
checking for suffix of object files... o
checking whether we are using the GNU C compiler... yes
checking whether gcc accepts -g... yes
checking for gcc option to accept ISO C89... none needed
checking whether gcc understands -c and -o together... yes
checking for style of include used by make... GNU
checking dependency style of gcc... gcc3
checking whether C compiler accepts -std=c11... yes
checking for g++... g++
checking whether we are using the GNU C++ compiler... yes
checking whether g++ accepts -g... yes
checking dependency style of g++... gcc3
checking for a sed that does not truncate output... /usr/bin/sed
checking whether to build with code coverage support... no
checking for a sed that does not truncate output... (cached) /usr/bin/sed
checking for gawk... (cached) gawk
checking for pkg-config... /usr/bin/pkg-config
checking pkg-config is at least version 0.9.0... yes
checking build system type... x86_64-pc-linux-gnu
checking host system type... x86_64-pc-linux-gnu
checking how to print strings... printf
checking for a sed that does not truncate output... (cached) /usr/bin/sed
checking for grep that handles long lines and -e... /usr/bin/grep
checking for egrep... /usr/bin/grep -E
checking for fgrep... /usr/bin/grep -F
checking for ld used by gcc... /usr/x86_64-suse-linux/bin/ld
checking if the linker (/usr/x86_64-suse-linux/bin/ld) is GNU ld... yes
checking for BSD- or MS-compatible name lister (nm)... /usr/bin/nm -B
checking the name lister (/usr/bin/nm -B) interface... BSD nm
checking whether ln -s works... yes
checking the maximum length of command line arguments... 1572864
checking how to convert x86_64-pc-linux-gnu file names to x86_64-pc-linux-gnu format... func_convert_file_noop
checking how to convert x86_64-pc-linux-gnu file names to toolchain format... func_convert_file_noop
checking for /usr/x86_64-suse-linux/bin/ld option to reload object files... -r
checking for objdump... objdump
checking how to recognize dependent libraries... pass_all
checking for dlltool... dlltool
checking how to associate runtime and link libraries... printf %s\n
checking for ar... ar
checking for archiver @FILE support... @
checking for strip... strip
checking for ranlib... ranlib
checking command to parse /usr/bin/nm -B output from gcc object... ok
checking for sysroot... no
checking for a working dd... /usr/bin/dd
checking how to truncate binary pipes... /usr/bin/dd bs=4096 count=1
checking for mt... mt
checking if mt is a manifest tool... no
checking how to run the C preprocessor... gcc -E
checking for ANSI C header files... yes
checking for sys/types.h... yes
checking for sys/stat.h... yes
checking for stdlib.h... yes
checking for string.h... yes
checking for memory.h... yes
checking for strings.h... yes
checking for inttypes.h... yes
checking for stdint.h... yes
checking for unistd.h... yes
checking for dlfcn.h... yes
checking for objdir... .libs
checking if gcc supports -fno-rtti -fno-exceptions... no
checking for gcc option to produce PIC... -fPIC -DPIC
checking if gcc PIC flag -fPIC -DPIC works... yes
checking if gcc static flag -static works... no
checking if gcc supports -c -o file.o... yes
checking if gcc supports -c -o file.o... (cached) yes
checking whether the gcc linker (/usr/x86_64-suse-linux/bin/ld -m elf_x86_64) supports shared libraries... yes
checking whether -lc should be explicitly linked in... no
checking dynamic linker characteristics... GNU/Linux ld.so
checking how to hardcode library paths into programs... immediate
checking whether stripping libraries is possible... yes
checking if libtool supports shared libraries... yes
checking whether to build shared libraries... yes
checking whether to build static libraries... yes
checking how to run the C++ preprocessor... g++ -E
checking for ld used by g++... /usr/x86_64-suse-linux/bin/ld -m elf_x86_64
checking if the linker (/usr/x86_64-suse-linux/bin/ld -m elf_x86_64) is GNU ld... yes
checking whether the g++ linker (/usr/x86_64-suse-linux/bin/ld -m elf_x86_64) supports shared libraries... yes
checking for g++ option to produce PIC... -fPIC -DPIC
checking if g++ PIC flag -fPIC -DPIC works... yes
checking if g++ static flag -static works... no
checking if g++ supports -c -o file.o... yes
checking if g++ supports -c -o file.o... (cached) yes
checking whether the g++ linker (/usr/x86_64-suse-linux/bin/ld -m elf_x86_64) supports shared libraries... yes
checking dynamic linker characteristics... (cached) GNU/Linux ld.so
checking how to hardcode library paths into programs... immediate
checking for valgrind... no
checking linker version script flag... --version-script
checking if version scripts can use complex wildcards... yes
checking for working posix_memalign... yes
checking whether g++ supports C++11 features by default... yes
checking whether the C compiler works... yes
checking whether we are using Intel C compiler... no
checking whether we are using Sun Studio C compiler... no
checking whether we are using clang C compiler... no
checking whether we are using gcc >= 4 C compiler... yes
checking whether the C++ compiler works... yes
checking whether we are using Intel C++ compiler... no
checking whether we are using Sun Studio C++ compiler... no
checking whether we are using clang C++ compiler... no
checking whether we are using gcc >= 4 C++ compiler... yes
checking whether to enable debugging information... no
checking whether to enable code coverage... no
checking if TIPC is available and supports nonblocking connect... yes
checking whether to enable TSan... no
checking whether to enable ASan... no
checking for pthread_create in -lpthread... yes
checking for clock_gettime in -lrt... yes
checking whether C++ compiler supports -fvisibility=hidden... yes
checking whether C++ compiler supports dso visibility... yes
checking for asciidoctor... no
configure: WARNING: You are building an unreleased version of 0MQ and asciidoctor is not installed.
configure: WARNING: Documentation will not be built and manual pages will not be installed.
checking whether to build documentation... no
checking whether to install manpages... no
configure: Choosing I/O thread polling system from 'kqueue epoll devpoll pollset poll select'...
configure: Using 'epoll' I/O thread polling system with CLOEXEC
configure: Using 'poll' zmq_poll(er)_* API polling system
configure: Building with zmq_ppoll
checking for getconf... getconf
configure: Using "64" bytes alignment for lock-free data structures
checking condition_variable usability... yes
checking condition_variable presence... yes
checking for condition_variable... yes
configure: Using "auto" condition variable implementation.
checking for ANSI C header files... (cached) yes
checking errno.h usability... yes
checking errno.h presence... yes
checking for errno.h... yes
checking time.h usability... yes
checking time.h presence... yes
checking for time.h... yes
checking for unistd.h... (cached) yes
checking limits.h usability... yes
checking limits.h presence... yes
checking for limits.h... yes
checking stddef.h usability... yes
checking stddef.h presence... yes
checking for stddef.h... yes
checking for stdlib.h... (cached) yes
checking for string.h... (cached) yes
checking arpa/inet.h usability... yes
checking arpa/inet.h presence... yes
checking for arpa/inet.h... yes
checking netinet/tcp.h usability... yes
checking netinet/tcp.h presence... yes
checking for netinet/tcp.h... yes
checking netinet/in.h usability... yes
checking netinet/in.h presence... yes
checking for netinet/in.h... yes
checking sys/socket.h usability... yes
checking sys/socket.h presence... yes
checking for sys/socket.h... yes
checking sys/time.h usability... yes
checking sys/time.h presence... yes
checking for sys/time.h... yes
checking ifaddrs.h usability... yes
checking ifaddrs.h presence... yes
checking for ifaddrs.h... yes
checking sys/uio.h usability... yes
checking sys/uio.h presence... yes
checking for sys/uio.h... yes
checking sys/eventfd.h usability... yes
checking sys/eventfd.h presence... yes
checking for sys/eventfd.h... yes
checking whether EFD_CLOEXEC is supported... yes
checking whether SO_PEERCRED is declared... yes
checking whether LOCAL_PEERCRED is declared... no
checking for stdbool.h that conforms to C99... no
checking for _Bool... no
checking for an ANSI C-conforming const... yes
checking for inline... inline
checking for size_t... yes
checking for ssize_t... yes
checking whether time.h and sys/time.h may both be included... yes
checking for uint32_t... yes
checking for working volatile... yes
checking for libsodium... yes
configure: Using libsodium for CURVE security
configure: Using built-in SHA1
checking "with_norm_ext = no"... no
checking how to enable additional warnings for C++ compiler... -Wall
checking how to turn warnings to errors in C++ compiler... -Werror
checking how to enable strict standards compliance in C++ compiler... -pedantic
checking whether C++ compiler accepts -Watomic-alignment... no
checking whether compiler supports __atomic_Xxx intrinsics... yes
checking return type of signal handlers... void
checking for perror... yes
checking for gettimeofday... yes
checking for clock_gettime... yes
checking for memset... no
checking for socket... yes
checking for getifaddrs... yes
checking for freeifaddrs... yes
checking for mkdtemp... yes
checking for accept4... yes
checking alloca.h usability... yes
checking alloca.h presence... yes
checking for alloca.h... yes
checking whether fork is available... yes
checking whether strnlen is available... yes
checking whether if_nametoindex is available... yes
checking for libbsd... no
configure: WARNING: Cannot find libbsd
checking whether strlcpy is available... yes
checking whether signature of pthread_setname_np() has 1 argument... no
checking whether signature of pthread_setname_np() has 2 arguments... yes
checking whether signature of pthread_setname_np() has 3 arguments... no
checking whether pthread_set_name_np() exists... no
checking whether pthread_setaffinity_np() exists... yes
checking whether SOCK_CLOEXEC is supported... yes
checking whether O_CLOEXEC is supported... yes
checking whether SO_BINDTODEVICE is supported... yes
checking whether SO_KEEPALIVE is supported... yes
checking whether TCP_KEEPCNT is supported... yes
checking whether TCP_KEEPIDLE is supported... yes
checking whether TCP_KEEPINTVL is supported... yes
checking whether TCP_KEEPALIVE is supported... no
checking whether SO_PRIORITY is supported... yes
checking whether getrandom is supported... yes
checking for ./.git... yes
configure: Building stable and legacy API + draft API
checking for libunwind... no
configure: WARNING: Cannot find libunwind
configure: Using radix tree implementation to manage subscriptions
checking for clang-format... no
checking whether C compiler accepts -Wtautological-constant-compare... no
checking whether C++ compiler accepts -Wtautological-constant-compare... no
checking whether C compiler accepts -ffat-lto-objects... yes
checking whether C++ compiler accepts -ffat-lto-objects... yes
checking that generated files are newer than configure... done
configure: creating ./config.status
config.status: creating Makefile
config.status: creating src/libzmq.pc
config.status: creating doc/Makefile
config.status: creating builds/Makefile
config.status: creating builds/deprecated-msvc/Makefile
config.status: creating src/platform.hpp
config.status: executing depfiles commands
config.status: executing libtool commands
Making all in doc
make[1]: Entering directory '/home/radar/borealis/libzmq/doc'
make[1]: Nothing to be done for 'all'.
make[1]: Leaving directory '/home/radar/borealis/libzmq/doc'
make[1]: Entering directory '/home/radar/borealis/libzmq'
  CC       external/unity/unity.o
  CXX      tests/tests_libtestutil_a-testutil.o
  CXX      tests/tests_libtestutil_a-testutil_monitoring.o
  CXX      tests/tests_libtestutil_a-testutil_security.o
  CXX      tests/tests_libtestutil_a-testutil_unity.o
  CXX      src/src_libzmq_la-address.lo
  CXX      src/src_libzmq_la-channel.lo
  CXX      src/src_libzmq_la-client.lo
  CXX      src/src_libzmq_la-clock.lo
  CXX      src/src_libzmq_la-ctx.lo
  CXX      src/src_libzmq_la-curve_client.lo
  CXX      src/src_libzmq_la-curve_mechanism_base.lo
  CXX      src/src_libzmq_la-curve_server.lo
  CXX      src/src_libzmq_la-dealer.lo
  CXX      src/src_libzmq_la-devpoll.lo
  CXX      src/src_libzmq_la-dgram.lo
  CXX      src/src_libzmq_la-dish.lo
  CXX      src/src_libzmq_la-dist.lo
  CXX      src/src_libzmq_la-endpoint.lo
  CXX      src/src_libzmq_la-epoll.lo
  CXX      src/src_libzmq_la-err.lo
  CXX      src/src_libzmq_la-fq.lo
  CXX      src/src_libzmq_la-gather.lo
  CXX      src/src_libzmq_la-gssapi_mechanism_base.lo
  CXX      src/src_libzmq_la-gssapi_client.lo
  CXX      src/src_libzmq_la-gssapi_server.lo
  CXX      src/src_libzmq_la-io_object.lo
  CXX      src/src_libzmq_la-io_thread.lo
  CXX      src/src_libzmq_la-ip.lo
  CXX      src/src_libzmq_la-ip_resolver.lo
  CXX      src/src_libzmq_la-ipc_address.lo
  CXX      src/src_libzmq_la-ipc_connecter.lo
  CXX      src/src_libzmq_la-ipc_listener.lo
  CXX      src/src_libzmq_la-kqueue.lo
  CXX      src/src_libzmq_la-lb.lo
  CXX      src/src_libzmq_la-mailbox.lo
  CXX      src/src_libzmq_la-mailbox_safe.lo
  CXX      src/src_libzmq_la-mechanism.lo
  CXX      src/src_libzmq_la-mechanism_base.lo
  CXX      src/src_libzmq_la-metadata.lo
  CXX      src/src_libzmq_la-msg.lo
  CXX      src/src_libzmq_la-mtrie.lo
  CXX      src/src_libzmq_la-norm_engine.lo
  CXX      src/src_libzmq_la-null_mechanism.lo
  CXX      src/src_libzmq_la-object.lo
  CXX      src/src_libzmq_la-options.lo
  CXX      src/src_libzmq_la-own.lo
  CXX      src/src_libzmq_la-pair.lo
  CXX      src/src_libzmq_la-peer.lo
  CXX      src/src_libzmq_la-pgm_receiver.lo
  CXX      src/src_libzmq_la-pgm_sender.lo
  CXX      src/src_libzmq_la-pgm_socket.lo
  CXX      src/src_libzmq_la-pipe.lo
  CXX      src/src_libzmq_la-plain_client.lo
  CXX      src/src_libzmq_la-plain_server.lo
  CXX      src/src_libzmq_la-poll.lo
  CXX      src/src_libzmq_la-poller_base.lo
  CXX      src/src_libzmq_la-polling_util.lo
  CXX      src/src_libzmq_la-pollset.lo
  CXX      src/src_libzmq_la-precompiled.lo
  CXX      src/src_libzmq_la-proxy.lo
  CXX      src/src_libzmq_la-pub.lo
  CXX      src/src_libzmq_la-pull.lo
  CXX      src/src_libzmq_la-push.lo
  CXX      src/src_libzmq_la-radio.lo
  CXX      src/src_libzmq_la-radix_tree.lo
  CXX      src/src_libzmq_la-random.lo
  CXX      src/src_libzmq_la-raw_decoder.lo
  CXX      src/src_libzmq_la-raw_encoder.lo
  CXX      src/src_libzmq_la-raw_engine.lo
  CXX      src/src_libzmq_la-reaper.lo
  CXX      src/src_libzmq_la-rep.lo
  CXX      src/src_libzmq_la-req.lo
  CXX      src/src_libzmq_la-router.lo
  CXX      src/src_libzmq_la-scatter.lo
  CXX      src/src_libzmq_la-select.lo
  CXX      src/src_libzmq_la-server.lo
  CXX      src/src_libzmq_la-session_base.lo
  CXX      src/src_libzmq_la-signaler.lo
  CXX      src/src_libzmq_la-socket_base.lo
  CXX      src/src_libzmq_la-socks.lo
  CXX      src/src_libzmq_la-socks_connecter.lo
  CXX      src/src_libzmq_la-stream.lo
  CXX      src/src_libzmq_la-stream_connecter_base.lo
  CXX      src/src_libzmq_la-stream_listener_base.lo
  CXX      src/src_libzmq_la-stream_engine_base.lo
  CXX      src/src_libzmq_la-sub.lo
  CXX      src/src_libzmq_la-tcp.lo
  CXX      src/src_libzmq_la-tcp_address.lo
  CXX      src/src_libzmq_la-tcp_connecter.lo
  CXX      src/src_libzmq_la-tcp_listener.lo
  CXX      src/src_libzmq_la-thread.lo
  CXX      src/src_libzmq_la-timers.lo
  CXX      src/src_libzmq_la-tipc_address.lo
  CXX      src/src_libzmq_la-tipc_connecter.lo
  CXX      src/src_libzmq_la-tipc_listener.lo
  CXX      src/src_libzmq_la-trie.lo
  CXX      src/src_libzmq_la-udp_address.lo
  CXX      src/src_libzmq_la-udp_engine.lo
  CXX      src/src_libzmq_la-v1_decoder.lo
  CXX      src/src_libzmq_la-v2_decoder.lo
  CXX      src/src_libzmq_la-v1_encoder.lo
  CXX      src/src_libzmq_la-v2_encoder.lo
  CXX      src/src_libzmq_la-v3_1_encoder.lo
  CXX      src/src_libzmq_la-vmci.lo
  CXX      src/src_libzmq_la-vmci_address.lo
  CXX      src/src_libzmq_la-vmci_connecter.lo
  CXX      src/src_libzmq_la-vmci_listener.lo
  CXX      src/src_libzmq_la-xpub.lo
  CXX      src/src_libzmq_la-xsub.lo
  CXX      src/src_libzmq_la-zmq.lo
  CXX      src/src_libzmq_la-zmq_utils.lo
  CXX      src/src_libzmq_la-decoder_allocators.lo
  CXX      src/src_libzmq_la-socket_poller.lo
  CXX      src/src_libzmq_la-zap_client.lo
  CXX      src/src_libzmq_la-zmtp_engine.lo
  CXX      src/src_libzmq_la-ws_address.lo
  CXX      src/src_libzmq_la-wss_address.lo
  CXX      src/src_libzmq_la-ws_connecter.lo
  CXX      src/src_libzmq_la-ws_decoder.lo
  CXX      src/src_libzmq_la-ws_encoder.lo
  CXX      src/src_libzmq_la-ws_engine.lo
  CXX      src/src_libzmq_la-ws_listener.lo
  CC       external/sha1/src_libzmq_la-sha1.lo
  CXX      tools/curve_keygen.o
  CXX      perf/local_lat.o
  CXX      perf/remote_lat.o
  CXX      perf/local_thr.o
  CXX      perf/remote_thr.o
  CXX      perf/inproc_lat.o
  CXX      perf/inproc_thr.o
  CXX      perf/proxy_thr.o
  CXX      perf/perf_benchmark_radix_tree-benchmark_radix_tree.o
  AR       external/unity/libunity.a
  AR       tests/libtestutil.a
  CXXLD    src/libzmq.la
  CXXLD    tools/curve_keygen
  CXXLD    perf/local_lat
  CXXLD    perf/remote_lat
  CXXLD    perf/local_thr
  CXXLD    perf/remote_thr
  CXXLD    perf/inproc_lat
  CXXLD    perf/inproc_thr
  CXXLD    perf/proxy_thr
  CXXLD    perf/benchmark_radix_tree
make[1]: Leaving directory '/home/radar/borealis/libzmq'
Making install in doc
make[1]: Entering directory '/home/radar/borealis/libzmq/doc'
make[2]: Entering directory '/home/radar/borealis/libzmq/doc'
make[2]: Nothing to be done for 'install-exec-am'.
make[2]: Leaving directory '/home/radar/borealis/libzmq/doc'
make[1]: Leaving directory '/home/radar/borealis/libzmq/doc'
make[1]: Entering directory '/home/radar/borealis/libzmq'
make[2]: Entering directory '/home/radar/borealis/libzmq'
 /usr/bin/mkdir -p '/usr/local/lib'
 /bin/sh ./libtool   --mode=install /usr/bin/install -c   src/libzmq.la '/usr/local/lib'
libtool: install: /usr/bin/install -c src/.libs/libzmq.so.5.2.6 /usr/local/lib/libzmq.so.5.2.6
libtool: install: (cd /usr/local/lib && { ln -s -f libzmq.so.5.2.6 libzmq.so.5 || { rm -f libzmq.so.5 && ln -s libzmq.so.5.2.6 libzmq.so.5; }; })
libtool: install: (cd /usr/local/lib && { ln -s -f libzmq.so.5.2.6 libzmq.so || { rm -f libzmq.so && ln -s libzmq.so.5.2.6 libzmq.so; }; })
libtool: install: /usr/bin/install -c src/.libs/libzmq.lai /usr/local/lib/libzmq.la
libtool: install: /usr/bin/install -c src/.libs/libzmq.a /usr/local/lib/libzmq.a
libtool: install: chmod 644 /usr/local/lib/libzmq.a
libtool: install: ranlib /usr/local/lib/libzmq.a
libtool: finish: PATH="/usr/sbin:/usr/bin:/sbin:/bin:/sbin" ldconfig -n /usr/local/lib
----------------------------------------------------------------------
Libraries have been installed in:
   /usr/local/lib

If you ever happen to want to link against installed libraries
in a given directory, LIBDIR, you must either use libtool, and
specify the full pathname of the library, or use the '-LLIBDIR'
flag during linking and do at least one of the following:
   - add LIBDIR to the 'LD_LIBRARY_PATH' environment variable
     during execution
   - add LIBDIR to the 'LD_RUN_PATH' environment variable
     during linking
   - use the '-Wl,-rpath -Wl,LIBDIR' linker flag
   - have your system administrator add LIBDIR to '/etc/ld.so.conf'

See any operating system documentation about shared libraries for
more information, such as the ld(1) and ld.so(8) manual pages.
----------------------------------------------------------------------
 /usr/bin/mkdir -p '/usr/local/bin'
  /bin/sh ./libtool   --mode=install /usr/bin/install -c tools/curve_keygen '/usr/local/bin'
libtool: install: /usr/bin/install -c tools/.libs/curve_keygen /usr/local/bin/curve_keygen
 /usr/bin/mkdir -p '/usr/local/include'
 /usr/bin/install -c -m 644 include/zmq.h include/zmq_utils.h '/usr/local/include'
 /usr/bin/mkdir -p '/usr/local/lib/pkgconfig'
 /usr/bin/install -c -m 644 src/libzmq.pc '/usr/local/lib/pkgconfig'
make[2]: Leaving directory '/home/radar/borealis/libzmq'
make[1]: Leaving directory '/home/radar/borealis/libzmq'
Cloning into 'cppzmq'...

### Installing NTP ###
'/usr/include/sys/timepps.h' -> '/usr/include/timepps.h'
--2025-09-19 09:48:43--  http://www.eecis.udel.edu/~ntp/ntp_spool/ntp4/ntp-4.2/ntp-4.2.8p13.tar.gz
Resolving www.eecis.udel.edu (www.eecis.udel.edu)... 128.4.31.8
Connecting to www.eecis.udel.edu (www.eecis.udel.edu)|128.4.31.8|:80... connected.
HTTP request sent, awaiting response... 302 Moved Temporarily
Location: https://www.eecis.udel.edu/~ntp/ntp_spool/ntp4/ntp-4.2/ntp-4.2.8p13.tar.gz [following]
--2025-09-19 09:48:43--  https://www.eecis.udel.edu/~ntp/ntp_spool/ntp4/ntp-4.2/ntp-4.2.8p13.tar.gz
Connecting to www.eecis.udel.edu (www.eecis.udel.edu)|128.4.31.8|:443... connected.
HTTP request sent, awaiting response... 200 OK
Length: 7006244 (6.7M) [application/x-gzip]
Saving to: ‘ntp-4.2.8p13.tar.gz’

     0K .......... .......... .......... .......... ..........  0% 1.93M 3s
    50K .......... .......... .......... .......... ..........  1% 3.57M 3s
   100K .......... .......... .......... .......... ..........  2% 4.10M 2s
   150K .......... .......... .......... .......... ..........  2% 24.5M 2s
   200K .......... .......... .......... .......... ..........  3% 23.7M 1s
   250K .......... .......... .......... .......... ..........  4% 4.48M 1s
   300K .......... .......... .......... .......... ..........  5% 24.4M 1s
   350K .......... .......... .......... .......... ..........  5% 23.2M 1s
   400K .......... .......... .......... .......... ..........  6% 4.29M 1s
   450K .......... .......... .......... .......... ..........  7% 25.1M 1s
   500K .......... .......... .......... .......... ..........  8% 27.1M 1s
   550K .......... .......... .......... .......... ..........  8% 4.42M 1s
   600K .......... .......... .......... .......... ..........  9% 21.9M 1s
   650K .......... .......... .......... .......... .......... 10% 24.8M 1s
   700K .......... .......... .......... .......... .......... 10% 6.84M 1s
   750K .......... .......... .......... .......... .......... 11% 8.54M 1s
   800K .......... .......... .......... .......... .......... 12% 27.4M 1s
   850K .......... .......... .......... .......... .......... 13% 9.45M 1s
   900K .......... .......... .......... .......... .......... 13% 6.63M 1s
   950K .......... .......... .......... .......... .......... 14% 25.2M 1s
  1000K .......... .......... .......... .......... .......... 15% 26.8M 1s
  1050K .......... .......... .......... .......... .......... 16% 14.9M 1s
  1100K .......... .......... .......... .......... .......... 16% 5.71M 1s
  1150K .......... .......... .......... .......... .......... 17% 25.0M 1s
  1200K .......... .......... .......... .......... .......... 18% 25.6M 1s
  1250K .......... .......... .......... .......... .......... 19% 13.0M 1s
  1300K .......... .......... .......... .......... .......... 19% 6.33M 1s
  1350K .......... .......... .......... .......... .......... 20% 20.5M 1s
  1400K .......... .......... .......... .......... .......... 21% 26.5M 1s
  1450K .......... .......... .......... .......... .......... 21% 23.8M 1s
  1500K .......... .......... .......... .......... .......... 22% 5.82M 1s
  1550K .......... .......... .......... .......... .......... 23% 22.3M 1s
  1600K .......... .......... .......... .......... .......... 24% 18.5M 1s
  1650K .......... .......... .......... .......... .......... 24% 24.8M 1s
  1700K .......... .......... .......... .......... .......... 25% 8.24M 1s
  1750K .......... .......... .......... .......... .......... 26% 19.6M 1s
  1800K .......... .......... .......... .......... .......... 27% 1.97M 1s
  1850K .......... .......... .......... .......... .......... 27%  879K 1s
  1900K .......... .......... .......... .......... .......... 28%  956K 1s
  1950K .......... .......... .......... .......... .......... 29%  879K 1s
  2000K .......... .......... .......... .......... .......... 29%  244K 1s
  2050K .......... .......... .......... .......... .......... 30%  878K 1s
  2100K .......... .......... .......... .......... .......... 31% 7.62M 1s
  2150K .......... .......... .......... .......... .......... 32%  138M 1s
  2200K .......... .......... .......... .......... .......... 32% 12.2M 1s
  2250K .......... .......... .......... .......... .......... 33%  879K 1s
  2300K .......... .......... .......... .......... .......... 34%  954K 1s
  2350K .......... .......... .......... .......... .......... 35%  879K 2s
  2400K .......... .......... .......... .......... .......... 35%  956K 2s
  2450K .......... .......... .......... .......... .......... 36%  879K 2s
  2500K .......... .......... .......... .......... .......... 37%  244K 2s
  2550K .......... .......... .......... .......... .......... 38% 2.10M 2s
  2600K .......... .......... .......... .......... .......... 38%  133M 2s
  2650K .......... .......... .......... .......... .......... 39%  124M 2s
  2700K .......... .......... .......... .......... .......... 40% 1.12M 2s
  2750K .......... .......... .......... .......... .......... 40%  879K 2s
  2800K .......... .......... .......... .......... .......... 41%  956K 2s
  2850K .......... .......... .......... .......... .......... 42%  879K 2s
  2900K .......... .......... .......... .......... .......... 43%  879K 2s
  2950K .......... .......... .......... .......... .......... 43%  956K 2s
  3000K .......... .......... .......... .......... .......... 44%  928K 2s
  3050K .......... .......... .......... .......... .......... 45%  879K 2s
  3100K .......... .......... .......... .......... .......... 46%  956K 2s
  3150K .......... .......... .......... .......... .......... 46%  879K 2s
  3200K .......... .......... .......... .......... .......... 47%  954K 2s
  3250K .......... .......... .......... .......... .......... 48%  879K 2s
  3300K .......... .......... .......... .......... .......... 48%  956K 2s
  3350K .......... .......... .......... .......... .......... 49%  878K 2s
  3400K .......... .......... .......... .......... .......... 50%  956K 2s
  3450K .......... .......... .......... .......... .......... 51%  879K 2s
  3500K .......... .......... .......... .......... .......... 51%  929K 2s
  3550K .......... .......... .......... .......... .......... 52%  879K 2s
  3600K .......... .......... .......... .......... .......... 53%  956K 2s
  3650K .......... .......... .......... .......... .......... 54%  879K 2s
  3700K .......... .......... .......... .......... .......... 54%  956K 2s
  3750K .......... .......... .......... .......... .......... 55%  879K 2s
  3800K .......... .......... .......... .......... .......... 56%  956K 2s
  3850K .......... .......... .......... .......... .......... 57%  878K 2s
  3900K .......... .......... .......... .......... .......... 57%  956K 2s
  3950K .......... .......... .......... .......... .......... 58%  855K 2s
  4000K .......... .......... .......... .......... .......... 59%  956K 2s
  4050K .......... .......... .......... .......... .......... 59%  879K 2s
  4100K .......... .......... .......... .......... .......... 60%  956K 2s
  4150K .......... .......... .......... .......... .......... 61%  877K 2s
  4200K .......... .......... .......... .......... .......... 62%  956K 2s
  4250K .......... .......... .......... .......... .......... 62%  878K 2s
  4300K .......... .......... .......... .......... .......... 63%  956K 2s
  4350K .......... .......... .......... .......... .......... 64%  879K 2s
  4400K .......... .......... .......... .......... .......... 65%  929K 2s
  4450K .......... .......... .......... .......... .......... 65%  879K 2s
  4500K .......... .......... .......... .......... .......... 66%  956K 2s
  4550K .......... .......... .......... .......... .......... 67%  878K 2s
  4600K .......... .......... .......... .......... .......... 67%  956K 2s
  4650K .......... .......... .......... .......... .......... 68%  879K 2s
  4700K .......... .......... .......... .......... .......... 69%  956K 1s
  4750K .......... .......... .......... .......... .......... 70%  879K 1s
  4800K .......... .......... .......... .......... .......... 70%  956K 1s
  4850K .......... .......... .......... .......... .......... 71%  879K 1s
  4900K .......... .......... .......... .......... .......... 72%  929K 1s
  4950K .......... .......... .......... .......... .......... 73%  879K 1s
  5000K .......... .......... .......... .......... .......... 73%  956K 1s
  5050K .......... .......... .......... .......... .......... 74%  879K 1s
  5100K .......... .......... .......... .......... .......... 75%  954K 1s
  5150K .......... .......... .......... .......... .......... 76%  879K 1s
  5200K .......... .......... .......... .......... .......... 76%  956K 1s
  5250K .......... .......... .......... .......... .......... 77%  879K 1s
  5300K .......... .......... .......... .......... .......... 78%  956K 1s
  5350K .......... .......... .......... .......... .......... 78%  876K 1s
  5400K .......... .......... .......... .......... .......... 79%  929K 1s
  5450K .......... .......... .......... .......... .......... 80%  878K 1s
  5500K .......... .......... .......... .......... .......... 81%  957K 1s
  5550K .......... .......... .......... .......... .......... 81%  879K 1s
  5600K .......... .......... .......... .......... .......... 82%  955K 1s
  5650K .......... .......... .......... .......... .......... 83%  879K 1s
  5700K .......... .......... .......... .......... .......... 84%  956K 1s
  5750K .......... .......... .......... .......... .......... 84%  879K 1s
  5800K .......... .......... .......... .......... .......... 85%  956K 1s
  5850K .......... .......... .......... .......... .......... 86%  813K 1s
  5900K .......... .......... .......... .......... .......... 86% 1016K 1s
  5950K .......... .......... .......... .......... .......... 87%  879K 1s
  6000K .......... .......... .......... .......... .......... 88%  957K 1s
  6050K .......... .......... .......... .......... .......... 89%  878K 1s
  6100K .......... .......... .......... .......... .......... 89%  956K 1s
  6150K .......... .......... .......... .......... .......... 90%  879K 1s
  6200K .......... .......... .......... .......... .......... 91%  956K 0s
  6250K .......... .......... .......... .......... .......... 92%  879K 0s
  6300K .......... .......... .......... .......... .......... 92%  956K 0s
  6350K .......... .......... .......... .......... .......... 93%  855K 0s
  6400K .......... .......... .......... .......... .......... 94%  957K 0s
  6450K .......... .......... .......... .......... .......... 95%  879K 0s
  6500K .......... .......... .......... .......... .......... 95%  956K 0s
  6550K .......... .......... .......... .......... .......... 96%  878K 0s
  6600K .......... .......... .......... .......... .......... 97%  956K 0s
  6650K .......... .......... .......... .......... .......... 97%  878K 0s
  6700K .......... .......... .......... .......... .......... 98%  957K 0s
  6750K .......... .......... .......... .......... .......... 99%  879K 0s
  6800K .......... .......... .......... .......... ..        100%  976K=5.7s

2025-09-19 09:48:49 (1.18 MB/s) - ‘ntp-4.2.8p13.tar.gz’ saved [7006244/7006244]

ntp-4.2.8p13/
ntp-4.2.8p13/lib/
ntp-4.2.8p13/sntp/
ntp-4.2.8p13/Makefile.am
ntp-4.2.8p13/configure
ntp-4.2.8p13/configure.ac
ntp-4.2.8p13/aclocal.m4
ntp-4.2.8p13/Makefile.in
ntp-4.2.8p13/config.h.in
ntp-4.2.8p13/ChangeLog
ntp-4.2.8p13/INSTALL
ntp-4.2.8p13/NEWS
ntp-4.2.8p13/README
ntp-4.2.8p13/TODO
ntp-4.2.8p13/COPYRIGHT
ntp-4.2.8p13/CommitLog
ntp-4.2.8p13/CommitLog-4.1.0
ntp-4.2.8p13/NOTES.y2kfixes
ntp-4.2.8p13/README.bk
ntp-4.2.8p13/README.hackers
ntp-4.2.8p13/README.leapsmear
ntp-4.2.8p13/README.patches
ntp-4.2.8p13/README.pullrequests
ntp-4.2.8p13/README.refclocks
ntp-4.2.8p13/README.versions
ntp-4.2.8p13/WHERE-TO-START
ntp-4.2.8p13/bootstrap
ntp-4.2.8p13/build
ntp-4.2.8p13/dot.emacs
ntp-4.2.8p13/flock-build
ntp-4.2.8p13/packageinfo.sh
ntp-4.2.8p13/readme.y2kfixes
ntp-4.2.8p13/results.y2kfixes
ntp-4.2.8p13/conf/
ntp-4.2.8p13/html/
ntp-4.2.8p13/libjsmn/
ntp-4.2.8p13/ports/
ntp-4.2.8p13/deps-ver
ntp-4.2.8p13/scripts/
ntp-4.2.8p13/include/
ntp-4.2.8p13/libntp/
ntp-4.2.8p13/depsver.mf
ntp-4.2.8p13/includes.mf
ntp-4.2.8p13/libparse/
ntp-4.2.8p13/ntpd/
ntp-4.2.8p13/bincheck.mf
ntp-4.2.8p13/check-libopts.mf
ntp-4.2.8p13/ntpdate/
ntp-4.2.8p13/ntpdc/
ntp-4.2.8p13/ntpq/
ntp-4.2.8p13/ntpsnmpd/
ntp-4.2.8p13/parseutil/
ntp-4.2.8p13/adjtimed/
ntp-4.2.8p13/clockstuff/
ntp-4.2.8p13/kernel/
ntp-4.2.8p13/util/
ntp-4.2.8p13/tests/
ntp-4.2.8p13/tests/Makefile.am
ntp-4.2.8p13/tests/Makefile.in
ntp-4.2.8p13/tests/bug-2803/
ntp-4.2.8p13/tests/libntp/
ntp-4.2.8p13/tests/ntpd/
ntp-4.2.8p13/tests/ntpq/
ntp-4.2.8p13/tests/sandbox/
ntp-4.2.8p13/tests/sec-2853/
ntp-4.2.8p13/tests/sec-2853/Makefile.am
ntp-4.2.8p13/tests/sec-2853/Makefile.in
ntp-4.2.8p13/tests/sec-2853/run-sec-2853.c
ntp-4.2.8p13/tests/sec-2853/sec-2853.c
ntp-4.2.8p13/tests/sec-2853/testconf.yml
ntp-4.2.8p13/tests/sandbox/Makefile.am
ntp-4.2.8p13/tests/sandbox/Makefile.in
ntp-4.2.8p13/tests/sandbox/bug-2803.c
ntp-4.2.8p13/tests/sandbox/run-ut-2803.c
ntp-4.2.8p13/tests/sandbox/ut-2803.c
ntp-4.2.8p13/tests/sandbox/uglydate.c
ntp-4.2.8p13/tests/sandbox/run-uglydate.c
ntp-4.2.8p13/tests/sandbox/modetoa.c
ntp-4.2.8p13/tests/sandbox/run-modetoa.c
ntp-4.2.8p13/tests/sandbox/smeartest.c
ntp-4.2.8p13/tests/sandbox/testconf.yml
ntp-4.2.8p13/tests/ntpq/Makefile.am
ntp-4.2.8p13/tests/ntpq/Makefile.in
ntp-4.2.8p13/tests/ntpq/t-ntpq.c
ntp-4.2.8p13/tests/ntpq/run-t-ntpq.c
ntp-4.2.8p13/tests/ntpq/testconf.yml
ntp-4.2.8p13/tests/ntpd/Makefile.am
ntp-4.2.8p13/tests/ntpd/Makefile.in
ntp-4.2.8p13/tests/ntpd/leapsec.c
ntp-4.2.8p13/tests/ntpd/run-leapsec.c
ntp-4.2.8p13/tests/ntpd/ntp_prio_q.c
ntp-4.2.8p13/tests/ntpd/run-ntp_prio_q.c
ntp-4.2.8p13/tests/ntpd/ntp_restrict.c
ntp-4.2.8p13/tests/ntpd/run-ntp_restrict.c
ntp-4.2.8p13/tests/ntpd/t-ntp_scanner.c
ntp-4.2.8p13/tests/ntpd/run-t-ntp_scanner.c
ntp-4.2.8p13/tests/ntpd/t-ntp_signd.c
ntp-4.2.8p13/tests/ntpd/run-t-ntp_signd.c
ntp-4.2.8p13/tests/ntpd/rc_cmdlength.c
ntp-4.2.8p13/tests/ntpd/run-rc_cmdlength.c
ntp-4.2.8p13/tests/ntpd/testconf.yml
ntp-4.2.8p13/tests/libntp/Makefile.am
ntp-4.2.8p13/tests/libntp/lfptest.h
ntp-4.2.8p13/tests/libntp/sockaddrtest.h
ntp-4.2.8p13/tests/libntp/test-libntp.h
ntp-4.2.8p13/tests/libntp/Makefile.in
ntp-4.2.8p13/tests/libntp/a_md5encrypt.c
ntp-4.2.8p13/tests/libntp/run-a_md5encrypt.c
ntp-4.2.8p13/tests/libntp/atoint.c
ntp-4.2.8p13/tests/libntp/run-atoint.c
ntp-4.2.8p13/tests/libntp/atouint.c
ntp-4.2.8p13/tests/libntp/run-atouint.c
ntp-4.2.8p13/tests/libntp/authkeys.c
ntp-4.2.8p13/tests/libntp/run-authkeys.c
ntp-4.2.8p13/tests/libntp/buftvtots.c
ntp-4.2.8p13/tests/libntp/run-buftvtots.c
ntp-4.2.8p13/tests/libntp/lfptest.c
ntp-4.2.8p13/tests/libntp/calendar.c
ntp-4.2.8p13/tests/libntp/run-calendar.c
ntp-4.2.8p13/tests/libntp/test-libntp.c
ntp-4.2.8p13/tests/libntp/caljulian.c
ntp-4.2.8p13/tests/libntp/run-caljulian.c
ntp-4.2.8p13/tests/libntp/caltontp.c
ntp-4.2.8p13/tests/libntp/run-caltontp.c
ntp-4.2.8p13/tests/libntp/calyearstart.c
ntp-4.2.8p13/tests/libntp/run-calyearstart.c
ntp-4.2.8p13/tests/libntp/clocktime.c
ntp-4.2.8p13/tests/libntp/run-clocktime.c
ntp-4.2.8p13/tests/libntp/decodenetnum.c
ntp-4.2.8p13/tests/libntp/run-decodenetnum.c
ntp-4.2.8p13/tests/libntp/sockaddrtest.c
ntp-4.2.8p13/tests/libntp/hextoint.c
ntp-4.2.8p13/tests/libntp/run-hextoint.c
ntp-4.2.8p13/tests/libntp/hextolfp.c
ntp-4.2.8p13/tests/libntp/run-hextolfp.c
ntp-4.2.8p13/tests/libntp/humandate.c
ntp-4.2.8p13/tests/libntp/run-humandate.c
ntp-4.2.8p13/tests/libntp/lfpfunc.c
ntp-4.2.8p13/tests/libntp/run-lfpfunc.c
ntp-4.2.8p13/tests/libntp/lfptostr.c
ntp-4.2.8p13/tests/libntp/run-lfptostr.c
ntp-4.2.8p13/tests/libntp/modetoa.c
ntp-4.2.8p13/tests/libntp/run-modetoa.c
ntp-4.2.8p13/tests/libntp/msyslog.c
ntp-4.2.8p13/tests/libntp/run-msyslog.c
ntp-4.2.8p13/tests/libntp/netof.c
ntp-4.2.8p13/tests/libntp/run-netof.c
ntp-4.2.8p13/tests/libntp/numtoa.c
ntp-4.2.8p13/tests/libntp/run-numtoa.c
ntp-4.2.8p13/tests/libntp/numtohost.c
ntp-4.2.8p13/tests/libntp/run-numtohost.c
ntp-4.2.8p13/tests/libntp/octtoint.c
ntp-4.2.8p13/tests/libntp/run-octtoint.c
ntp-4.2.8p13/tests/libntp/prettydate.c
ntp-4.2.8p13/tests/libntp/run-prettydate.c
ntp-4.2.8p13/tests/libntp/recvbuff.c
ntp-4.2.8p13/tests/libntp/run-recvbuff.c
ntp-4.2.8p13/tests/libntp/refidsmear.c
ntp-4.2.8p13/tests/libntp/run-refidsmear.c
ntp-4.2.8p13/tests/libntp/refnumtoa.c
ntp-4.2.8p13/tests/libntp/run-refnumtoa.c
ntp-4.2.8p13/tests/libntp/sbprintf.c
ntp-4.2.8p13/tests/libntp/run-sbprintf.c
ntp-4.2.8p13/tests/libntp/sfptostr.c
ntp-4.2.8p13/tests/libntp/run-sfptostr.c
ntp-4.2.8p13/tests/libntp/socktoa.c
ntp-4.2.8p13/tests/libntp/run-socktoa.c
ntp-4.2.8p13/tests/libntp/ssl_init.c
ntp-4.2.8p13/tests/libntp/run-ssl_init.c
ntp-4.2.8p13/tests/libntp/statestr.c
ntp-4.2.8p13/tests/libntp/run-statestr.c
ntp-4.2.8p13/tests/libntp/strtolfp.c
ntp-4.2.8p13/tests/libntp/run-strtolfp.c
ntp-4.2.8p13/tests/libntp/timespecops.c
ntp-4.2.8p13/tests/libntp/run-timespecops.c
ntp-4.2.8p13/tests/libntp/timevalops.c
ntp-4.2.8p13/tests/libntp/run-timevalops.c
ntp-4.2.8p13/tests/libntp/tsafememcmp.c
ntp-4.2.8p13/tests/libntp/run-tsafememcmp.c
ntp-4.2.8p13/tests/libntp/tstotv.c
ntp-4.2.8p13/tests/libntp/run-tstotv.c
ntp-4.2.8p13/tests/libntp/tvtots.c
ntp-4.2.8p13/tests/libntp/run-tvtots.c
ntp-4.2.8p13/tests/libntp/uglydate.c
ntp-4.2.8p13/tests/libntp/run-uglydate.c
ntp-4.2.8p13/tests/libntp/vi64ops.c
ntp-4.2.8p13/tests/libntp/run-vi64ops.c
ntp-4.2.8p13/tests/libntp/ymd2yd.c
ntp-4.2.8p13/tests/libntp/run-ymd2yd.c
ntp-4.2.8p13/tests/libntp/testconf.yml
ntp-4.2.8p13/tests/bug-2803/Makefile.am
ntp-4.2.8p13/tests/bug-2803/Makefile.in
ntp-4.2.8p13/tests/bug-2803/bug-2803.c
ntp-4.2.8p13/tests/bug-2803/run-bug-2803.c
ntp-4.2.8p13/tests/bug-2803/testconf.yml
ntp-4.2.8p13/util/Makefile.am
ntp-4.2.8p13/util/Makefile.in
ntp-4.2.8p13/util/README
ntp-4.2.8p13/util/audio-pcm.c
ntp-4.2.8p13/util/byteorder.c
ntp-4.2.8p13/util/hist.c
ntp-4.2.8p13/util/jitter.c
ntp-4.2.8p13/util/kern.c
ntp-4.2.8p13/util/longsize.c
ntp-4.2.8p13/util/ntp-keygen.c
ntp-4.2.8p13/util/ntp-keygen-opts.c
ntp-4.2.8p13/util/ntp-keygen-opts.h
ntp-4.2.8p13/util/ntptime.c
ntp-4.2.8p13/util/pps-api.c
ntp-4.2.8p13/util/precision.c
ntp-4.2.8p13/util/sht.c
ntp-4.2.8p13/util/testrs6000.c
ntp-4.2.8p13/util/tg.c
ntp-4.2.8p13/util/tg2.c
ntp-4.2.8p13/util/tickadj.c
ntp-4.2.8p13/util/timetrim.c
ntp-4.2.8p13/util/invoke-ntp-keygen.menu
ntp-4.2.8p13/util/invoke-ntp-keygen.texi
ntp-4.2.8p13/util/ntp-keygen-opts.def
ntp-4.2.8p13/util/ntp-keygen.1ntp-keygenman
ntp-4.2.8p13/util/ntp-keygen.1ntp-keygenmdoc
ntp-4.2.8p13/util/ntp-keygen.man.in
ntp-4.2.8p13/util/ntp-keygen.mdoc.in
ntp-4.2.8p13/util/ntp-keygen.html
ntp-4.2.8p13/util/ntp-keygen.texi
ntp-4.2.8p13/kernel/Makefile.am
ntp-4.2.8p13/kernel/Makefile.in
ntp-4.2.8p13/kernel/sys/
ntp-4.2.8p13/kernel/sys/Makefile.am
ntp-4.2.8p13/kernel/sys/bsd_audioirig.h
ntp-4.2.8p13/kernel/sys/i8253.h
ntp-4.2.8p13/kernel/sys/parsestreams.h
ntp-4.2.8p13/kernel/sys/pcl720.h
ntp-4.2.8p13/kernel/sys/ppsclock.h
ntp-4.2.8p13/kernel/sys/timex.h
ntp-4.2.8p13/kernel/sys/tpro.h
ntp-4.2.8p13/kernel/sys/tt560_api.h
ntp-4.2.8p13/kernel/sys/Makefile.in
ntp-4.2.8p13/kernel/sys/README
ntp-4.2.8p13/clockstuff/Makefile.am
ntp-4.2.8p13/clockstuff/Makefile.in
ntp-4.2.8p13/clockstuff/README
ntp-4.2.8p13/clockstuff/chutest.c
ntp-4.2.8p13/clockstuff/propdelay.c
ntp-4.2.8p13/adjtimed/Makefile.am
ntp-4.2.8p13/adjtimed/Makefile.in
ntp-4.2.8p13/adjtimed/README
ntp-4.2.8p13/adjtimed/adjtimed.c
ntp-4.2.8p13/parseutil/Makefile.am
ntp-4.2.8p13/parseutil/Makefile.in
ntp-4.2.8p13/parseutil/README
ntp-4.2.8p13/parseutil/dcfd.c
ntp-4.2.8p13/parseutil/testdcf.c
ntp-4.2.8p13/ntpsnmpd/Makefile.am
ntp-4.2.8p13/ntpsnmpd/Makefile.in
ntp-4.2.8p13/ntpsnmpd/README
ntp-4.2.8p13/ntpsnmpd/netsnmp_daemonize.c
ntp-4.2.8p13/ntpsnmpd/ntpsnmpd.c
ntp-4.2.8p13/ntpsnmpd/ntpSnmpSubagentObject.c
ntp-4.2.8p13/ntpsnmpd/ntpsnmpd-opts.c
ntp-4.2.8p13/ntpsnmpd/ntpsnmpd-opts.h
ntp-4.2.8p13/ntpsnmpd/ntpSnmpSubagentObject.h
ntp-4.2.8p13/ntpsnmpd/ntp_snmp.h
ntp-4.2.8p13/ntpsnmpd/invoke-ntpsnmpd.menu
ntp-4.2.8p13/ntpsnmpd/invoke-ntpsnmpd.texi
ntp-4.2.8p13/ntpsnmpd/ntpsnmpd-opts.def
ntp-4.2.8p13/ntpsnmpd/ntpsnmpd.1ntpsnmpdman
ntp-4.2.8p13/ntpsnmpd/ntpsnmpd.1ntpsnmpdmdoc
ntp-4.2.8p13/ntpsnmpd/ntpsnmpd.man.in
ntp-4.2.8p13/ntpsnmpd/ntpsnmpd.mdoc.in
ntp-4.2.8p13/ntpsnmpd/ntpsnmpd.html
ntp-4.2.8p13/ntpsnmpd/ntpsnmpd.texi
ntp-4.2.8p13/ntpsnmpd/ntpv4-mib.mib
ntp-4.2.8p13/ntpq/Makefile.am
ntp-4.2.8p13/ntpq/ntpq.h
ntp-4.2.8p13/ntpq/Makefile.in
ntp-4.2.8p13/ntpq/README
ntp-4.2.8p13/ntpq/libntpq.c
ntp-4.2.8p13/ntpq/libntpq.h
ntp-4.2.8p13/ntpq/libntpq_subs.c
ntp-4.2.8p13/ntpq/ntpq.c
ntp-4.2.8p13/ntpq/ntpq-subs.c
ntp-4.2.8p13/ntpq/ntpq-opts.c
ntp-4.2.8p13/ntpq/ntpq-opts.h
ntp-4.2.8p13/ntpq/invoke-ntpq.menu
ntp-4.2.8p13/ntpq/invoke-ntpq.texi
ntp-4.2.8p13/ntpq/ntpq-opts.def
ntp-4.2.8p13/ntpq/ntpq.1ntpqman
ntp-4.2.8p13/ntpq/ntpq.1ntpqmdoc
ntp-4.2.8p13/ntpq/ntpq.man.in
ntp-4.2.8p13/ntpq/ntpq.mdoc.in
ntp-4.2.8p13/ntpq/ntpq.html
ntp-4.2.8p13/ntpq/ntpq.texi
ntp-4.2.8p13/ntpdc/Makefile.am
ntp-4.2.8p13/ntpdc/ntpdc.h
ntp-4.2.8p13/ntpdc/Makefile.in
ntp-4.2.8p13/ntpdc/nl.pl.in
ntp-4.2.8p13/ntpdc/README
ntp-4.2.8p13/ntpdc/ntpdc.c
ntp-4.2.8p13/ntpdc/ntpdc_ops.c
ntp-4.2.8p13/ntpdc/ntpdc-opts.c
ntp-4.2.8p13/ntpdc/ntpdc-opts.h
ntp-4.2.8p13/ntpdc/ntpdc-layout.c
ntp-4.2.8p13/ntpdc/invoke-ntpdc.menu
ntp-4.2.8p13/ntpdc/invoke-ntpdc.texi
ntp-4.2.8p13/ntpdc/layout.std
ntp-4.2.8p13/ntpdc/nl_in.c
ntp-4.2.8p13/ntpdc/nl.pl
ntp-4.2.8p13/ntpdc/ntpdc-opts.def
ntp-4.2.8p13/ntpdc/ntpdc.1ntpdcman
ntp-4.2.8p13/ntpdc/ntpdc.1ntpdcmdoc
ntp-4.2.8p13/ntpdc/ntpdc.man.in
ntp-4.2.8p13/ntpdc/ntpdc.mdoc.in
ntp-4.2.8p13/ntpdc/ntpdc.html
ntp-4.2.8p13/ntpdc/ntpdc.texi
ntp-4.2.8p13/ntpdate/Makefile.am
ntp-4.2.8p13/ntpdate/ntpdate.h
ntp-4.2.8p13/ntpdate/Makefile.in
ntp-4.2.8p13/ntpdate/README
ntp-4.2.8p13/ntpdate/ntpdate.c
ntp-4.2.8p13/ntpd/Makefile.am
ntp-4.2.8p13/ntpd/declcond.h
ntp-4.2.8p13/ntpd/ntp_leapsec.h
ntp-4.2.8p13/ntpd/Makefile.in
ntp-4.2.8p13/ntpd/complete.conf.in
ntp-4.2.8p13/ntpd/ntp_parser.c
ntp-4.2.8p13/ntpd/ntp_parser.h
ntp-4.2.8p13/ntpd/cmd_args.c
ntp-4.2.8p13/ntpd/jupiter.h
ntp-4.2.8p13/ntpd/ntp_control.c
ntp-4.2.8p13/ntpd/ntp_crypto.c
ntp-4.2.8p13/ntpd/ntp_filegen.c
ntp-4.2.8p13/ntpd/ntp_leapsec.c
ntp-4.2.8p13/ntpd/ntp_loopfilter.c
ntp-4.2.8p13/ntpd/ntp_monitor.c
ntp-4.2.8p13/ntpd/ntp_peer.c
ntp-4.2.8p13/ntpd/ntp_proto.c
ntp-4.2.8p13/ntpd/ntp_refclock.c
ntp-4.2.8p13/ntpd/ntp_request.c
ntp-4.2.8p13/ntpd/ntp_restrict.c
ntp-4.2.8p13/ntpd/ntp_signd.c
ntp-4.2.8p13/ntpd/ntp_timer.c
ntp-4.2.8p13/ntpd/ntp_util.c
ntp-4.2.8p13/ntpd/ppsapi_timepps.h
ntp-4.2.8p13/ntpd/rc_cmdlength.c
ntp-4.2.8p13/ntpd/refclock_acts.c
ntp-4.2.8p13/ntpd/refclock_arbiter.c
ntp-4.2.8p13/ntpd/refclock_arc.c
ntp-4.2.8p13/ntpd/refclock_as2201.c
ntp-4.2.8p13/ntpd/refclock_atom.c
ntp-4.2.8p13/ntpd/refclock_bancomm.c
ntp-4.2.8p13/ntpd/refclock_chronolog.c
ntp-4.2.8p13/ntpd/refclock_chu.c
ntp-4.2.8p13/ntpd/refclock_conf.c
ntp-4.2.8p13/ntpd/refclock_datum.c
ntp-4.2.8p13/ntpd/refclock_dumbclock.c
ntp-4.2.8p13/ntpd/refclock_fg.c
ntp-4.2.8p13/ntpd/refclock_gpsdjson.c
ntp-4.2.8p13/ntpd/refclock_gpsvme.c
ntp-4.2.8p13/ntpd/refclock_heath.c
ntp-4.2.8p13/ntpd/ntpd.c
ntp-4.2.8p13/ntpd/refclock_hopfser.c
ntp-4.2.8p13/ntpd/refclock_hopfpci.c
ntp-4.2.8p13/ntpd/refclock_hpgps.c
ntp-4.2.8p13/ntpd/refclock_irig.c
ntp-4.2.8p13/ntpd/refclock_jjy.c
ntp-4.2.8p13/ntpd/refclock_jupiter.c
ntp-4.2.8p13/ntpd/refclock_leitch.c
ntp-4.2.8p13/ntpd/refclock_local.c
ntp-4.2.8p13/ntpd/refclock_mx4200.c
ntp-4.2.8p13/ntpd/refclock_neoclock4x.c
ntp-4.2.8p13/ntpd/refclock_nmea.c
ntp-4.2.8p13/ntpd/refclock_oncore.c
ntp-4.2.8p13/ntpd/refclock_palisade.c
ntp-4.2.8p13/ntpd/refclock_palisade.h
ntp-4.2.8p13/ntpd/refclock_parse.c
ntp-4.2.8p13/ntpd/refclock_pcf.c
ntp-4.2.8p13/ntpd/refclock_pst.c
ntp-4.2.8p13/ntpd/refclock_ripencc.c
ntp-4.2.8p13/ntpd/refclock_shm.c
ntp-4.2.8p13/ntpd/refclock_tpro.c
ntp-4.2.8p13/ntpd/refclock_true.c
ntp-4.2.8p13/ntpd/refclock_tt560.c
ntp-4.2.8p13/ntpd/refclock_ulink.c
ntp-4.2.8p13/ntpd/refclock_wwv.c
ntp-4.2.8p13/ntpd/refclock_wwvb.c
ntp-4.2.8p13/ntpd/refclock_zyfer.c
ntp-4.2.8p13/ntpd/refclock_tsyncpci.c
ntp-4.2.8p13/ntpd/check_y2k.c
ntp-4.2.8p13/ntpd/keyword-gen.c
ntp-4.2.8p13/ntpd/ntp_config.c
ntp-4.2.8p13/ntpd/ntp_keyword.h
ntp-4.2.8p13/ntpd/ntp_io.c
ntp-4.2.8p13/ntpd/ntp_parser.y
ntp-4.2.8p13/ntpd/ntp_scanner.c
ntp-4.2.8p13/ntpd/ntp_scanner.h
ntp-4.2.8p13/ntpd/ntpd-opts.c
ntp-4.2.8p13/ntpd/ntpd-opts.h
ntp-4.2.8p13/ntpd/ntp_prio_q.c
ntp-4.2.8p13/ntpd/ntpsim.c
ntp-4.2.8p13/ntpd/invoke-ntp.conf.menu
ntp-4.2.8p13/ntpd/invoke-ntp.conf.texi
ntp-4.2.8p13/ntpd/invoke-ntp.keys.menu
ntp-4.2.8p13/ntpd/invoke-ntp.keys.texi
ntp-4.2.8p13/ntpd/invoke-ntpd.menu
ntp-4.2.8p13/ntpd/invoke-ntpd.texi
ntp-4.2.8p13/ntpd/keyword-gen-utd
ntp-4.2.8p13/ntpd/ntp.conf.5man
ntp-4.2.8p13/ntpd/ntp.conf.5mdoc
ntp-4.2.8p13/ntpd/ntp.conf.def
ntp-4.2.8p13/ntpd/ntp.conf.man.in
ntp-4.2.8p13/ntpd/ntp.conf.mdoc.in
ntp-4.2.8p13/ntpd/ntp.conf.html
ntp-4.2.8p13/ntpd/ntp.conf.texi
ntp-4.2.8p13/ntpd/ntp.keys.5man
ntp-4.2.8p13/ntpd/ntp.keys.5mdoc
ntp-4.2.8p13/ntpd/ntp.keys.def
ntp-4.2.8p13/ntpd/ntp.keys.man.in
ntp-4.2.8p13/ntpd/ntp.keys.mdoc.in
ntp-4.2.8p13/ntpd/ntp.keys.html
ntp-4.2.8p13/ntpd/ntp.keys.texi
ntp-4.2.8p13/ntpd/ntpd-opts.def
ntp-4.2.8p13/ntpd/ntpd.1ntpdman
ntp-4.2.8p13/ntpd/ntpd.1ntpdmdoc
ntp-4.2.8p13/ntpd/ntpd.man.in
ntp-4.2.8p13/ntpd/ntpd.mdoc.in
ntp-4.2.8p13/ntpd/ntpd.html
ntp-4.2.8p13/ntpd/ntpd.texi
ntp-4.2.8p13/ntpd/ntpdbase-opts.def
ntp-4.2.8p13/ntpd/psl0.conf
ntp-4.2.8p13/ntpd/psl1.conf
ntp-4.2.8p13/ntpd/psl2.conf
ntp-4.2.8p13/ntpd/refclock_msfees.c
ntp-4.2.8p13/libparse/Makefile.am
ntp-4.2.8p13/libparse/Makefile.in
ntp-4.2.8p13/libparse/README
ntp-4.2.8p13/libparse/parse.c
ntp-4.2.8p13/libparse/parse_conf.c
ntp-4.2.8p13/libparse/clk_meinberg.c
ntp-4.2.8p13/libparse/clk_schmid.c
ntp-4.2.8p13/libparse/clk_rawdcf.c
ntp-4.2.8p13/libparse/clk_trimtsip.c
ntp-4.2.8p13/libparse/clk_dcf7000.c
ntp-4.2.8p13/libparse/clk_trimtaip.c
ntp-4.2.8p13/libparse/clk_rcc8000.c
ntp-4.2.8p13/libparse/clk_hopf6021.c
ntp-4.2.8p13/libparse/clk_computime.c
ntp-4.2.8p13/libparse/clk_wharton.c
ntp-4.2.8p13/libparse/clk_varitext.c
ntp-4.2.8p13/libparse/clk_sel240x.c
ntp-4.2.8p13/libparse/data_mbg.c
ntp-4.2.8p13/libparse/info_trimble.c
ntp-4.2.8p13/libparse/trim_info.c
ntp-4.2.8p13/libparse/binio.c
ntp-4.2.8p13/libparse/ieee754io.c
ntp-4.2.8p13/libparse/mfp_mul.c
ntp-4.2.8p13/libparse/gpstolfp.c
ntp-4.2.8p13/libparse/parsesolaris.c
ntp-4.2.8p13/libparse/parsestreams.c
ntp-4.2.8p13/libparse/mkinfo_scmd.sed
ntp-4.2.8p13/libparse/mkinfo_rcmd.sed
ntp-4.2.8p13/libntp/Makefile.am
ntp-4.2.8p13/libntp/Makefile.in
ntp-4.2.8p13/libntp/README
ntp-4.2.8p13/libntp/systime.c
ntp-4.2.8p13/libntp/a_md5encrypt.c
ntp-4.2.8p13/libntp/adjtime.c
ntp-4.2.8p13/libntp/atoint.c
ntp-4.2.8p13/libntp/atolfp.c
ntp-4.2.8p13/libntp/atouint.c
ntp-4.2.8p13/libntp/audio.c
ntp-4.2.8p13/libntp/authkeys.c
ntp-4.2.8p13/libntp/authreadkeys.c
ntp-4.2.8p13/libntp/authusekey.c
ntp-4.2.8p13/libntp/bsd_strerror.c
ntp-4.2.8p13/libntp/buftvtots.c
ntp-4.2.8p13/libntp/caljulian.c
ntp-4.2.8p13/libntp/caltontp.c
ntp-4.2.8p13/libntp/calyearstart.c
ntp-4.2.8p13/libntp/clocktime.c
ntp-4.2.8p13/libntp/clocktypes.c
ntp-4.2.8p13/libntp/decodenetnum.c
ntp-4.2.8p13/libntp/dofptoa.c
ntp-4.2.8p13/libntp/dolfptoa.c
ntp-4.2.8p13/libntp/emalloc.c
ntp-4.2.8p13/libntp/findconfig.c
ntp-4.2.8p13/libntp/getopt.c
ntp-4.2.8p13/libntp/hextoint.c
ntp-4.2.8p13/libntp/hextolfp.c
ntp-4.2.8p13/libntp/humandate.c
ntp-4.2.8p13/libntp/icom.c
ntp-4.2.8p13/libntp/iosignal.c
ntp-4.2.8p13/libntp/is_ip_address.c
ntp-4.2.8p13/libntp/lib_strbuf.c
ntp-4.2.8p13/libntp/libssl_compat.c
ntp-4.2.8p13/libntp/machines.c
ntp-4.2.8p13/libntp/mktime.c
ntp-4.2.8p13/libntp/modetoa.c
ntp-4.2.8p13/libntp/mstolfp.c
ntp-4.2.8p13/libntp/msyslog.c
ntp-4.2.8p13/libntp/netof.c
ntp-4.2.8p13/libntp/ntp_calendar.c
ntp-4.2.8p13/libntp/ntp_calgps.c
ntp-4.2.8p13/libntp/ntp_crypto_rnd.c
ntp-4.2.8p13/libntp/ntp_intres.c
ntp-4.2.8p13/libntp/ntp_libopts.c
ntp-4.2.8p13/libntp/ntp_lineedit.c
ntp-4.2.8p13/libntp/ntp_random.c
ntp-4.2.8p13/libntp/ntp_rfc2553.c
ntp-4.2.8p13/libntp/ntp_worker.c
ntp-4.2.8p13/libntp/numtoa.c
ntp-4.2.8p13/libntp/numtohost.c
ntp-4.2.8p13/libntp/octtoint.c
ntp-4.2.8p13/libntp/prettydate.c
ntp-4.2.8p13/libntp/refidsmear.c
ntp-4.2.8p13/libntp/recvbuff.c
ntp-4.2.8p13/libntp/refnumtoa.c
ntp-4.2.8p13/libntp/snprintf.c
ntp-4.2.8p13/libntp/socket.c
ntp-4.2.8p13/libntp/socktoa.c
ntp-4.2.8p13/libntp/socktohost.c
ntp-4.2.8p13/libntp/ssl_init.c
ntp-4.2.8p13/libntp/statestr.c
ntp-4.2.8p13/libntp/strdup.c
ntp-4.2.8p13/libntp/strl_obsd.c
ntp-4.2.8p13/libntp/syssignal.c
ntp-4.2.8p13/libntp/timespecops.c
ntp-4.2.8p13/libntp/timetoa.c
ntp-4.2.8p13/libntp/timevalops.c
ntp-4.2.8p13/libntp/timexsup.c
ntp-4.2.8p13/libntp/uglydate.c
ntp-4.2.8p13/libntp/vint64ops.c
ntp-4.2.8p13/libntp/work_fork.c
ntp-4.2.8p13/libntp/work_thread.c
ntp-4.2.8p13/libntp/xsbprintf.c
ntp-4.2.8p13/libntp/ymd2yd.c
ntp-4.2.8p13/libntp/adjtimex.c
ntp-4.2.8p13/libntp/systime_s.c
ntp-4.2.8p13/include/Makefile.am
ntp-4.2.8p13/include/adjtime.h
ntp-4.2.8p13/include/audio.h
ntp-4.2.8p13/include/ascii.h
ntp-4.2.8p13/include/binio.h
ntp-4.2.8p13/include/declcond.h
ntp-4.2.8p13/include/gps.h
ntp-4.2.8p13/include/hopf6039.h
ntp-4.2.8p13/include/icom.h
ntp-4.2.8p13/include/ieee754io.h
ntp-4.2.8p13/include/intreswork.h
ntp-4.2.8p13/include/iosignal.h
ntp-4.2.8p13/include/l_stdlib.h
ntp-4.2.8p13/include/libssl_compat.h
ntp-4.2.8p13/include/lib_strbuf.h
ntp-4.2.8p13/include/libntp.h
ntp-4.2.8p13/include/mbg_gps166.h
ntp-4.2.8p13/include/mx4200.h
ntp-4.2.8p13/include/ntif.h
ntp-4.2.8p13/include/ntp.h
ntp-4.2.8p13/include/ntp_assert.h
ntp-4.2.8p13/include/ntp_calendar.h
ntp-4.2.8p13/include/ntp_calgps.h
ntp-4.2.8p13/include/ntp_cmdargs.h
ntp-4.2.8p13/include/ntp_config.h
ntp-4.2.8p13/include/ntp_control.h
ntp-4.2.8p13/include/ntp_crypto.h
ntp-4.2.8p13/include/ntp_prio_q.h
ntp-4.2.8p13/include/ntp_datum.h
ntp-4.2.8p13/include/ntp_debug.h
ntp-4.2.8p13/include/ntp_filegen.h
ntp-4.2.8p13/include/ntp_fp.h
ntp-4.2.8p13/include/ntp_if.h
ntp-4.2.8p13/include/ntp_intres.h
ntp-4.2.8p13/include/ntp_io.h
ntp-4.2.8p13/include/ntp_keyacc.h
ntp-4.2.8p13/include/ntp_libopts.h
ntp-4.2.8p13/include/ntp_lineedit.h
ntp-4.2.8p13/include/ntp_lists.h
ntp-4.2.8p13/include/ntp_machine.h
ntp-4.2.8p13/include/ntp_malloc.h
ntp-4.2.8p13/include/ntp_md5.h
ntp-4.2.8p13/include/ntp_net.h
ntp-4.2.8p13/include/ntp_proto.h
ntp-4.2.8p13/include/ntp_psl.h
ntp-4.2.8p13/include/ntp_random.h
ntp-4.2.8p13/include/ntp_refclock.h
ntp-4.2.8p13/include/ntp_request.h
ntp-4.2.8p13/include/ntp_rfc2553.h
ntp-4.2.8p13/include/ntp_select.h
ntp-4.2.8p13/include/ntp_stdlib.h
ntp-4.2.8p13/include/ntp_string.h
ntp-4.2.8p13/include/ntp_syscall.h
ntp-4.2.8p13/include/ntp_syslog.h
ntp-4.2.8p13/include/ntp_tty.h
ntp-4.2.8p13/include/ntp_types.h
ntp-4.2.8p13/include/ntp_unixtime.h
ntp-4.2.8p13/include/ntp_worker.h
ntp-4.2.8p13/include/ntp_workimpl.h
ntp-4.2.8p13/include/ntpd.h
ntp-4.2.8p13/include/ntpsim.h
ntp-4.2.8p13/include/parse.h
ntp-4.2.8p13/include/parse_conf.h
ntp-4.2.8p13/include/rc_cmdlength.h
ntp-4.2.8p13/include/recvbuff.h
ntp-4.2.8p13/include/refclock_atom.h
ntp-4.2.8p13/include/refidsmear.h
ntp-4.2.8p13/include/safecast.h
ntp-4.2.8p13/include/ssl_applink.c
ntp-4.2.8p13/include/timetoa.h
ntp-4.2.8p13/include/timepps-SCO.h
ntp-4.2.8p13/include/timepps-Solaris.h
ntp-4.2.8p13/include/timepps-SunOS.h
ntp-4.2.8p13/include/timespecops.h
ntp-4.2.8p13/include/timevalops.h
ntp-4.2.8p13/include/timexsup.h
ntp-4.2.8p13/include/trimble.h
ntp-4.2.8p13/include/vint64ops.h
ntp-4.2.8p13/include/Makefile.in
ntp-4.2.8p13/include/README
ntp-4.2.8p13/include/isc/
ntp-4.2.8p13/include/isc/Makefile.am
ntp-4.2.8p13/include/isc/mem.h
ntp-4.2.8p13/include/isc/Makefile.in
ntp-4.2.8p13/scripts/Makefile.am
ntp-4.2.8p13/scripts/Makefile.in
ntp-4.2.8p13/scripts/ntpver.in
ntp-4.2.8p13/scripts/plot_summary.in
ntp-4.2.8p13/scripts/summary.in
ntp-4.2.8p13/scripts/README
ntp-4.2.8p13/scripts/deprecated/
ntp-4.2.8p13/scripts/monitoring/
ntp-4.2.8p13/scripts/invoke-plot_summary.texi
ntp-4.2.8p13/scripts/invoke-plot_summary.menu
ntp-4.2.8p13/scripts/plot_summary.1plot_summaryman
ntp-4.2.8p13/scripts/plot_summary.1plot_summarymdoc
ntp-4.2.8p13/scripts/plot_summary.mdoc.in
ntp-4.2.8p13/scripts/plot_summary.man.in
ntp-4.2.8p13/scripts/plot_summary.texi
ntp-4.2.8p13/scripts/plot_summary.html
ntp-4.2.8p13/scripts/plot_summary-opts
ntp-4.2.8p13/scripts/plot_summary-opts.def
ntp-4.2.8p13/scripts/rc/
ntp-4.2.8p13/scripts/invoke-summary.texi
ntp-4.2.8p13/scripts/invoke-summary.menu
ntp-4.2.8p13/scripts/summary.1summaryman
ntp-4.2.8p13/scripts/summary.1summarymdoc
ntp-4.2.8p13/scripts/summary.mdoc.in
ntp-4.2.8p13/scripts/summary.man.in
ntp-4.2.8p13/scripts/summary.texi
ntp-4.2.8p13/scripts/summary.html
ntp-4.2.8p13/scripts/summary-opts
ntp-4.2.8p13/scripts/summary-opts.def
ntp-4.2.8p13/scripts/stats/
ntp-4.2.8p13/scripts/build/
ntp-4.2.8p13/scripts/calc_tickadj/
ntp-4.2.8p13/scripts/ntp-wait/
ntp-4.2.8p13/scripts/ntpsweep/
ntp-4.2.8p13/scripts/ntptrace/
ntp-4.2.8p13/scripts/lib/
ntp-4.2.8p13/scripts/update-leap/
ntp-4.2.8p13/scripts/update-leap/Makefile.am
ntp-4.2.8p13/scripts/update-leap/Makefile.in
ntp-4.2.8p13/scripts/update-leap/update-leap.in
ntp-4.2.8p13/scripts/update-leap/invoke-update-leap.menu
ntp-4.2.8p13/scripts/update-leap/invoke-update-leap.texi
ntp-4.2.8p13/scripts/update-leap/update-leap-opts.def
ntp-4.2.8p13/scripts/update-leap/update-leap-opts
ntp-4.2.8p13/scripts/update-leap/update-leap.1update-leapman
ntp-4.2.8p13/scripts/update-leap/update-leap.1update-leapmdoc
ntp-4.2.8p13/scripts/update-leap/update-leap.man.in
ntp-4.2.8p13/scripts/update-leap/update-leap.mdoc.in
ntp-4.2.8p13/scripts/update-leap/update-leap.sh
ntp-4.2.8p13/scripts/update-leap/update-leap.texi
ntp-4.2.8p13/scripts/update-leap/update-leap.html
ntp-4.2.8p13/scripts/lib/NTP/
ntp-4.2.8p13/scripts/lib/Makefile.am
ntp-4.2.8p13/scripts/lib/Makefile.in
ntp-4.2.8p13/scripts/lib/NTP/Util.pm
ntp-4.2.8p13/scripts/ntptrace/Makefile.am
ntp-4.2.8p13/scripts/ntptrace/Makefile.in
ntp-4.2.8p13/scripts/ntptrace/ntptrace.in
ntp-4.2.8p13/scripts/ntptrace/ntptrace.1ntptraceman
ntp-4.2.8p13/scripts/ntptrace/ntptrace.1ntptracemdoc
ntp-4.2.8p13/scripts/ntptrace/ntptrace.mdoc.in
ntp-4.2.8p13/scripts/ntptrace/ntptrace.man.in
ntp-4.2.8p13/scripts/ntptrace/ntptrace.texi
ntp-4.2.8p13/scripts/ntptrace/ntptrace.html
ntp-4.2.8p13/scripts/ntptrace/ntptrace-opts.def
ntp-4.2.8p13/scripts/ntptrace/ntptrace-opts
ntp-4.2.8p13/scripts/ntptrace/invoke-ntptrace.texi
ntp-4.2.8p13/scripts/ntptrace/invoke-ntptrace.menu
ntp-4.2.8p13/scripts/ntpsweep/Makefile.am
ntp-4.2.8p13/scripts/ntpsweep/Makefile.in
ntp-4.2.8p13/scripts/ntpsweep/ntpsweep.in
ntp-4.2.8p13/scripts/ntpsweep/ntpsweep.1ntpsweepman
ntp-4.2.8p13/scripts/ntpsweep/ntpsweep.1ntpsweepmdoc
ntp-4.2.8p13/scripts/ntpsweep/ntpsweep.man.in
ntp-4.2.8p13/scripts/ntpsweep/ntpsweep.mdoc.in
ntp-4.2.8p13/scripts/ntpsweep/ntpsweep.texi
ntp-4.2.8p13/scripts/ntpsweep/ntpsweep.html
ntp-4.2.8p13/scripts/ntpsweep/ntpsweep-opts.def
ntp-4.2.8p13/scripts/ntpsweep/ntpsweep-opts
ntp-4.2.8p13/scripts/ntpsweep/invoke-ntpsweep.texi
ntp-4.2.8p13/scripts/ntpsweep/invoke-ntpsweep.menu
ntp-4.2.8p13/scripts/ntp-wait/Makefile.am
ntp-4.2.8p13/scripts/ntp-wait/Makefile.in
ntp-4.2.8p13/scripts/ntp-wait/ntp-wait.in
ntp-4.2.8p13/scripts/ntp-wait/ntp-wait.1ntp-waitman
ntp-4.2.8p13/scripts/ntp-wait/ntp-wait.1ntp-waitmdoc
ntp-4.2.8p13/scripts/ntp-wait/ntp-wait.man.in
ntp-4.2.8p13/scripts/ntp-wait/ntp-wait.mdoc.in
ntp-4.2.8p13/scripts/ntp-wait/ntp-wait.texi
ntp-4.2.8p13/scripts/ntp-wait/ntp-wait.html
ntp-4.2.8p13/scripts/ntp-wait/ntp-wait-opts.def
ntp-4.2.8p13/scripts/ntp-wait/ntp-wait-opts
ntp-4.2.8p13/scripts/ntp-wait/invoke-ntp-wait.texi
ntp-4.2.8p13/scripts/ntp-wait/invoke-ntp-wait.menu
ntp-4.2.8p13/scripts/calc_tickadj/Makefile.am
ntp-4.2.8p13/scripts/calc_tickadj/Makefile.in
ntp-4.2.8p13/scripts/calc_tickadj/calc_tickadj.in
ntp-4.2.8p13/scripts/calc_tickadj/calc_tickadj.1calc_tickadjman
ntp-4.2.8p13/scripts/calc_tickadj/calc_tickadj.1calc_tickadjmdoc
ntp-4.2.8p13/scripts/calc_tickadj/calc_tickadj.man.in
ntp-4.2.8p13/scripts/calc_tickadj/calc_tickadj.mdoc.in
ntp-4.2.8p13/scripts/calc_tickadj/calc_tickadj.texi
ntp-4.2.8p13/scripts/calc_tickadj/calc_tickadj.html
ntp-4.2.8p13/scripts/calc_tickadj/calc_tickadj-opts.def
ntp-4.2.8p13/scripts/calc_tickadj/calc_tickadj-opts
ntp-4.2.8p13/scripts/calc_tickadj/invoke-calc_tickadj.texi
ntp-4.2.8p13/scripts/calc_tickadj/invoke-calc_tickadj.menu
ntp-4.2.8p13/scripts/build/Makefile.am
ntp-4.2.8p13/scripts/build/Makefile.in
ntp-4.2.8p13/scripts/build/genAuthors.in
ntp-4.2.8p13/scripts/build/mkver.in
ntp-4.2.8p13/scripts/build/check--help
ntp-4.2.8p13/scripts/build/checkChangeLog
ntp-4.2.8p13/scripts/build/checkHtmlFileDates
ntp-4.2.8p13/scripts/build/fixautomakedepsmagic
ntp-4.2.8p13/scripts/build/genCommitLog
ntp-4.2.8p13/scripts/build/genver
ntp-4.2.8p13/scripts/build/updateBEDate
ntp-4.2.8p13/scripts/build/UpdatePoint
ntp-4.2.8p13/scripts/build/VersionName
ntp-4.2.8p13/scripts/stats/README.stats
ntp-4.2.8p13/scripts/stats/README
ntp-4.2.8p13/scripts/stats/README.timecodes
ntp-4.2.8p13/scripts/stats/clock.awk
ntp-4.2.8p13/scripts/stats/dupe.awk
ntp-4.2.8p13/scripts/stats/ensemble.S
ntp-4.2.8p13/scripts/stats/ensemble.awk
ntp-4.2.8p13/scripts/stats/etf.S
ntp-4.2.8p13/scripts/stats/etf.awk
ntp-4.2.8p13/scripts/stats/itf.S
ntp-4.2.8p13/scripts/stats/itf.awk
ntp-4.2.8p13/scripts/stats/loop.S
ntp-4.2.8p13/scripts/stats/loop.awk
ntp-4.2.8p13/scripts/stats/loop_summary
ntp-4.2.8p13/scripts/stats/peer.awk
ntp-4.2.8p13/scripts/stats/psummary.awk
ntp-4.2.8p13/scripts/stats/summary.sh
ntp-4.2.8p13/scripts/stats/tdata.S
ntp-4.2.8p13/scripts/stats/tdata.awk
ntp-4.2.8p13/scripts/rc/rc.d/
ntp-4.2.8p13/scripts/rc/README
ntp-4.2.8p13/scripts/rc/ntpd
ntp-4.2.8p13/scripts/rc/ntpwait
ntp-4.2.8p13/scripts/rc/rc.d/TIMESYNC
ntp-4.2.8p13/scripts/rc/rc.d/ntpd
ntp-4.2.8p13/scripts/rc/rc.d/ntpwait
ntp-4.2.8p13/scripts/monitoring/ntploopstat
ntp-4.2.8p13/scripts/monitoring/README
ntp-4.2.8p13/scripts/monitoring/lr.pl
ntp-4.2.8p13/scripts/monitoring/ntp.pl
ntp-4.2.8p13/scripts/monitoring/loopwatch.config.SAMPLE
ntp-4.2.8p13/scripts/monitoring/ntploopwatch
ntp-4.2.8p13/scripts/monitoring/ntptrap
ntp-4.2.8p13/scripts/monitoring/timelocal.pl
ntp-4.2.8p13/scripts/deprecated/hpadjtime.sh
ntp-4.2.8p13/scripts/deprecated/freq_adj.in
ntp-4.2.8p13/scripts/deprecated/html2man.in
ntp-4.2.8p13/scripts/deprecated/ntp-close
ntp-4.2.8p13/scripts/deprecated/ntp-groper
ntp-4.2.8p13/scripts/deprecated/ntp-restart
ntp-4.2.8p13/scripts/deprecated/ntp-status
ntp-4.2.8p13/ports/winnt/
ntp-4.2.8p13/ports/winnt/include/
ntp-4.2.8p13/ports/winnt/instsrv/
ntp-4.2.8p13/ports/winnt/libntp/
ntp-4.2.8p13/ports/winnt/ntpd/
ntp-4.2.8p13/ports/winnt/ntptrace/
ntp-4.2.8p13/ports/winnt/ppsapi/
ntp-4.2.8p13/ports/winnt/scripts/
ntp-4.2.8p13/ports/winnt/vs2005/
ntp-4.2.8p13/ports/winnt/vs2008/
ntp-4.2.8p13/ports/winnt/vs2013/
ntp-4.2.8p13/ports/winnt/vs2015/
ntp-4.2.8p13/ports/winnt/vs2015/instsrv/
ntp-4.2.8p13/ports/winnt/vs2015/libntp/
ntp-4.2.8p13/ports/winnt/vs2015/loopback-pps/
ntp-4.2.8p13/ports/winnt/vs2015/ntp-keygen/
ntp-4.2.8p13/ports/winnt/vs2015/ntpd-keyword-gen/
ntp-4.2.8p13/ports/winnt/vs2015/ntpd/
ntp-4.2.8p13/ports/winnt/vs2015/ntpdate/
ntp-4.2.8p13/ports/winnt/vs2015/ntpdc/
ntp-4.2.8p13/ports/winnt/vs2015/ntpq/
ntp-4.2.8p13/ports/winnt/vs2015/release-x64.props
ntp-4.2.8p13/ports/winnt/vs2015/common.props
ntp-4.2.8p13/ports/winnt/vs2015/debug-x64.props
ntp-4.2.8p13/ports/winnt/vs2015/debug.props
ntp-4.2.8p13/ports/winnt/vs2015/ntp.sln
ntp-4.2.8p13/ports/winnt/vs2015/release.props
ntp-4.2.8p13/ports/winnt/vs2015/ntpq/ntpq.vcxproj.filters
ntp-4.2.8p13/ports/winnt/vs2015/ntpq/ntpq.vcxproj
ntp-4.2.8p13/ports/winnt/vs2015/ntpdc/ntpdc.vcxproj.filters
ntp-4.2.8p13/ports/winnt/vs2015/ntpdc/ntpdc.vcxproj
ntp-4.2.8p13/ports/winnt/vs2015/ntpdate/ntpdate.vcxproj.filters
ntp-4.2.8p13/ports/winnt/vs2015/ntpdate/ntpdate.vcxproj
ntp-4.2.8p13/ports/winnt/vs2015/ntpd/ntpd.vcxproj.filters
ntp-4.2.8p13/ports/winnt/vs2015/ntpd/gen-ntp_keyword.bat
ntp-4.2.8p13/ports/winnt/vs2015/ntpd/ntpd.vcxproj
ntp-4.2.8p13/ports/winnt/vs2015/ntpd-keyword-gen/ntpd-keyword-gen.vcxproj.filters
ntp-4.2.8p13/ports/winnt/vs2015/ntpd-keyword-gen/ntpd-keyword-gen.vcxproj
ntp-4.2.8p13/ports/winnt/vs2015/ntp-keygen/ntp-keygen.vcxproj.filters
ntp-4.2.8p13/ports/winnt/vs2015/ntp-keygen/ntp-keygen.vcxproj
ntp-4.2.8p13/ports/winnt/vs2015/loopback-pps/loopback-ppsapi-provider.vcxproj.filters
ntp-4.2.8p13/ports/winnt/vs2015/loopback-pps/loopback-ppsapi-provider.vcxproj
ntp-4.2.8p13/ports/winnt/vs2015/libntp/libntp.vcxproj
ntp-4.2.8p13/ports/winnt/vs2015/libntp/libntp.vcxproj.filters
ntp-4.2.8p13/ports/winnt/vs2015/instsrv/instsrv.vcxproj.filters
ntp-4.2.8p13/ports/winnt/vs2015/instsrv/instsrv.vcxproj
ntp-4.2.8p13/ports/winnt/vs2013/instsrv/
ntp-4.2.8p13/ports/winnt/vs2013/libntp/
ntp-4.2.8p13/ports/winnt/vs2013/loopback-pps/
ntp-4.2.8p13/ports/winnt/vs2013/ntp-keygen/
ntp-4.2.8p13/ports/winnt/vs2013/ntpd-keyword-gen/
ntp-4.2.8p13/ports/winnt/vs2013/ntpd/
ntp-4.2.8p13/ports/winnt/vs2013/ntpdate/
ntp-4.2.8p13/ports/winnt/vs2013/ntpdc/
ntp-4.2.8p13/ports/winnt/vs2013/ntpq/
ntp-4.2.8p13/ports/winnt/vs2013/release-x64.props
ntp-4.2.8p13/ports/winnt/vs2013/common.props
ntp-4.2.8p13/ports/winnt/vs2013/debug-x64.props
ntp-4.2.8p13/ports/winnt/vs2013/debug.props
ntp-4.2.8p13/ports/winnt/vs2013/ntp.sln
ntp-4.2.8p13/ports/winnt/vs2013/release.props
ntp-4.2.8p13/ports/winnt/vs2013/ntpq/ntpq.vcxproj.filters
ntp-4.2.8p13/ports/winnt/vs2013/ntpq/ntpq.vcxproj
ntp-4.2.8p13/ports/winnt/vs2013/ntpdc/ntpdc.vcxproj.filters
ntp-4.2.8p13/ports/winnt/vs2013/ntpdc/ntpdc.vcxproj
ntp-4.2.8p13/ports/winnt/vs2013/ntpdate/ntpdate.vcxproj.filters
ntp-4.2.8p13/ports/winnt/vs2013/ntpdate/ntpdate.vcxproj
ntp-4.2.8p13/ports/winnt/vs2013/ntpd/ntpd.vcxproj.filters
ntp-4.2.8p13/ports/winnt/vs2013/ntpd/gen-ntp_keyword.bat
ntp-4.2.8p13/ports/winnt/vs2013/ntpd/ntpd.vcxproj
ntp-4.2.8p13/ports/winnt/vs2013/ntpd-keyword-gen/ntpd-keyword-gen.vcxproj.filters
ntp-4.2.8p13/ports/winnt/vs2013/ntpd-keyword-gen/ntpd-keyword-gen.vcxproj
ntp-4.2.8p13/ports/winnt/vs2013/ntp-keygen/ntp-keygen.vcxproj.filters
ntp-4.2.8p13/ports/winnt/vs2013/ntp-keygen/ntp-keygen.vcxproj
ntp-4.2.8p13/ports/winnt/vs2013/loopback-pps/loopback-ppsapi-provider.vcxproj.filters
ntp-4.2.8p13/ports/winnt/vs2013/loopback-pps/loopback-ppsapi-provider.vcxproj
ntp-4.2.8p13/ports/winnt/vs2013/libntp/libntp.vcxproj.filters
ntp-4.2.8p13/ports/winnt/vs2013/libntp/libntp.vcxproj
ntp-4.2.8p13/ports/winnt/vs2013/instsrv/instsrv.vcxproj.filters
ntp-4.2.8p13/ports/winnt/vs2013/instsrv/instsrv.vcxproj
ntp-4.2.8p13/ports/winnt/vs2008/instsrv/
ntp-4.2.8p13/ports/winnt/vs2008/libntp/
ntp-4.2.8p13/ports/winnt/vs2008/loopback-pps/
ntp-4.2.8p13/ports/winnt/vs2008/ntp-keygen/
ntp-4.2.8p13/ports/winnt/vs2008/ntpd-keyword-gen/
ntp-4.2.8p13/ports/winnt/vs2008/ntpd/
ntp-4.2.8p13/ports/winnt/vs2008/ntpdate/
ntp-4.2.8p13/ports/winnt/vs2008/ntpdc/
ntp-4.2.8p13/ports/winnt/vs2008/ntpq/
ntp-4.2.8p13/ports/winnt/vs2008/debug-x64.vsprops
ntp-4.2.8p13/ports/winnt/vs2008/common.vsprops
ntp-4.2.8p13/ports/winnt/vs2008/release-x64.vsprops
ntp-4.2.8p13/ports/winnt/vs2008/debug.vsprops
ntp-4.2.8p13/ports/winnt/vs2008/ntp.sln
ntp-4.2.8p13/ports/winnt/vs2008/release.vsprops
ntp-4.2.8p13/ports/winnt/vs2008/ntpq/ntpq.vcproj
ntp-4.2.8p13/ports/winnt/vs2008/ntpdc/ntpdc.vcproj
ntp-4.2.8p13/ports/winnt/vs2008/ntpdate/ntpdate.vcproj
ntp-4.2.8p13/ports/winnt/vs2008/ntpd/gen-ntp_keyword.bat
ntp-4.2.8p13/ports/winnt/vs2008/ntpd/ntpd.vcproj
ntp-4.2.8p13/ports/winnt/vs2008/ntpd-keyword-gen/ntpd-keyword-gen.vcproj
ntp-4.2.8p13/ports/winnt/vs2008/ntp-keygen/ntp-keygen.vcproj
ntp-4.2.8p13/ports/winnt/vs2008/loopback-pps/loopback-ppsapi-provider.vcproj
ntp-4.2.8p13/ports/winnt/vs2008/libntp/libntp.vcproj
ntp-4.2.8p13/ports/winnt/vs2008/instsrv/instsrv.vcproj
ntp-4.2.8p13/ports/winnt/vs2005/ntpkeygen.vcproj
ntp-4.2.8p13/ports/winnt/vs2005/Instsrv.vcproj
ntp-4.2.8p13/ports/winnt/vs2005/libntp.vcproj
ntp-4.2.8p13/ports/winnt/vs2005/ntp.sln
ntp-4.2.8p13/ports/winnt/vs2005/ntpd.vcproj
ntp-4.2.8p13/ports/winnt/vs2005/ntpdate.vcproj
ntp-4.2.8p13/ports/winnt/vs2005/ntpdc.vcproj
ntp-4.2.8p13/ports/winnt/vs2005/ntpq.vcproj
ntp-4.2.8p13/ports/winnt/scripts/mkver.bat
ntp-4.2.8p13/ports/winnt/ppsapi/loopback/
ntp-4.2.8p13/ports/winnt/ppsapi/skelprov/
ntp-4.2.8p13/ports/winnt/ppsapi/skelprov/sys/
ntp-4.2.8p13/ports/winnt/ppsapi/skelprov/skeleton-ppsapi-provider.def
ntp-4.2.8p13/ports/winnt/ppsapi/skelprov/skeleton-ppsapi-provider.c
ntp-4.2.8p13/ports/winnt/ppsapi/skelprov/skeleton-ppsapi-provider.sln
ntp-4.2.8p13/ports/winnt/ppsapi/skelprov/skeleton-ppsapi-provider.h
ntp-4.2.8p13/ports/winnt/ppsapi/skelprov/skeleton-ppsapi-provider.vcproj
ntp-4.2.8p13/ports/winnt/ppsapi/skelprov/sys/time.h
ntp-4.2.8p13/ports/winnt/ppsapi/loopback/src/
ntp-4.2.8p13/ports/winnt/ppsapi/loopback/monolithic-serialpps-timepps.txt
ntp-4.2.8p13/ports/winnt/ppsapi/loopback/monolithic-serialpps-timepps.h
ntp-4.2.8p13/ports/winnt/ppsapi/loopback/src/sys/
ntp-4.2.8p13/ports/winnt/ppsapi/loopback/src/loopback-ppsapi.c
ntp-4.2.8p13/ports/winnt/ppsapi/loopback/src/loopback-ppsapi.def
ntp-4.2.8p13/ports/winnt/ppsapi/loopback/src/loopback-ppsapi.h
ntp-4.2.8p13/ports/winnt/ppsapi/loopback/src/timepps.h
ntp-4.2.8p13/ports/winnt/ppsapi/loopback/src/sys/time.h
ntp-4.2.8p13/ports/winnt/ntptrace/ntptrace.dsp
ntp-4.2.8p13/ports/winnt/ntpd/ntp_iocompletionport.c
ntp-4.2.8p13/ports/winnt/ntpd/hopf_PCI_io.c
ntp-4.2.8p13/ports/winnt/ntpd/nt_clockstuff.c
ntp-4.2.8p13/ports/winnt/ntpd/nt_ppsimpl.c
ntp-4.2.8p13/ports/winnt/ntpd/ntp_iocpltypes.c
ntp-4.2.8p13/ports/winnt/ntpd/ntp_iocplmem.c
ntp-4.2.8p13/ports/winnt/ntpd/ntservice.c
ntp-4.2.8p13/ports/winnt/libntp/util_clockstuff.c
ntp-4.2.8p13/ports/winnt/libntp/MSG00001.bin
ntp-4.2.8p13/ports/winnt/libntp/SetSystemTime.c
ntp-4.2.8p13/ports/winnt/libntp/arc4wrap.c
ntp-4.2.8p13/ports/winnt/libntp/getclock.c
ntp-4.2.8p13/ports/winnt/libntp/messages.h
ntp-4.2.8p13/ports/winnt/libntp/messages.mc
ntp-4.2.8p13/ports/winnt/libntp/messages.rc
ntp-4.2.8p13/ports/winnt/libntp/randfile.c
ntp-4.2.8p13/ports/winnt/libntp/setpriority.c
ntp-4.2.8p13/ports/winnt/libntp/syslog.c
ntp-4.2.8p13/ports/winnt/libntp/termios.c
ntp-4.2.8p13/ports/winnt/libntp/win32_io.c
ntp-4.2.8p13/ports/winnt/instsrv/instsrv.c
ntp-4.2.8p13/ports/winnt/include/arpa/
ntp-4.2.8p13/ports/winnt/include/sys/
ntp-4.2.8p13/ports/winnt/include/msvc_ssl_autolib.h
ntp-4.2.8p13/ports/winnt/include/clockstuff.h
ntp-4.2.8p13/ports/winnt/include/config.h
ntp-4.2.8p13/ports/winnt/include/gaa_compat.h
ntp-4.2.8p13/ports/winnt/include/hopf_PCI_io.h
ntp-4.2.8p13/ports/winnt/include/ntp_iocplmem.h
ntp-4.2.8p13/ports/winnt/include/netdb.h
ntp-4.2.8p13/ports/winnt/include/ntp_iocompletionport.h
ntp-4.2.8p13/ports/winnt/include/ntp_iocpltypes.h
ntp-4.2.8p13/ports/winnt/include/ntp_timer.h
ntp-4.2.8p13/ports/winnt/include/ntservice.h
ntp-4.2.8p13/ports/winnt/include/stdint.h
ntp-4.2.8p13/ports/winnt/include/stdnoreturn.h
ntp-4.2.8p13/ports/winnt/include/syslog.h
ntp-4.2.8p13/ports/winnt/include/termios.h
ntp-4.2.8p13/ports/winnt/include/timepps.h
ntp-4.2.8p13/ports/winnt/include/unistd.h
ntp-4.2.8p13/ports/winnt/include/win32_io.h
ntp-4.2.8p13/ports/winnt/include/sys/resource.h
ntp-4.2.8p13/ports/winnt/include/sys/ioctl.h
ntp-4.2.8p13/ports/winnt/include/sys/param.h
ntp-4.2.8p13/ports/winnt/include/sys/signal.h
ntp-4.2.8p13/ports/winnt/include/sys/time.h
ntp-4.2.8p13/ports/winnt/include/sys/wait.h
ntp-4.2.8p13/ports/winnt/include/arpa/inet.h
ntp-4.2.8p13/libjsmn/example/
ntp-4.2.8p13/libjsmn/Makefile
ntp-4.2.8p13/libjsmn/LICENSE
ntp-4.2.8p13/libjsmn/README.md
ntp-4.2.8p13/libjsmn/jsmn.c
ntp-4.2.8p13/libjsmn/jsmn.h
ntp-4.2.8p13/libjsmn/jsmn_test.c
ntp-4.2.8p13/libjsmn/example/jsondump.c
ntp-4.2.8p13/libjsmn/example/simple.c
ntp-4.2.8p13/html/drivers/
ntp-4.2.8p13/html/hints/
ntp-4.2.8p13/html/icons/
ntp-4.2.8p13/html/pic/
ntp-4.2.8p13/html/scripts/
ntp-4.2.8p13/html/authentic.html
ntp-4.2.8p13/html/access.html
ntp-4.2.8p13/html/accopt.html
ntp-4.2.8p13/html/assoc.html
ntp-4.2.8p13/html/audio.html
ntp-4.2.8p13/html/miscopt.html
ntp-4.2.8p13/html/authopt.html
ntp-4.2.8p13/html/autokey.html
ntp-4.2.8p13/html/bugs.html
ntp-4.2.8p13/html/build.html
ntp-4.2.8p13/html/clock.html
ntp-4.2.8p13/html/confopt.html
ntp-4.2.8p13/html/cluster.html
ntp-4.2.8p13/html/comdex.html
ntp-4.2.8p13/html/config.html
ntp-4.2.8p13/html/copyright.html
ntp-4.2.8p13/html/clockopt.html
ntp-4.2.8p13/html/debug.html
ntp-4.2.8p13/html/decode.html
ntp-4.2.8p13/html/discipline.html
ntp-4.2.8p13/html/discover.html
ntp-4.2.8p13/html/extern.html
ntp-4.2.8p13/html/filter.html
ntp-4.2.8p13/html/hints.html
ntp-4.2.8p13/html/history.html
ntp-4.2.8p13/html/howto.html
ntp-4.2.8p13/html/huffpuff.html
ntp-4.2.8p13/html/index.html
ntp-4.2.8p13/html/kern.html
ntp-4.2.8p13/html/kernpps.html
ntp-4.2.8p13/html/keygen.html
ntp-4.2.8p13/html/leap.html
ntp-4.2.8p13/html/monopt.html
ntp-4.2.8p13/html/msyslog.html
ntp-4.2.8p13/html/ntp-wait.html
ntp-4.2.8p13/html/ntp_conf.html
ntp-4.2.8p13/html/ntpd.html
ntp-4.2.8p13/html/ntpdate.html
ntp-4.2.8p13/html/ntpdc.html
ntp-4.2.8p13/html/ntpdsim.html
ntp-4.2.8p13/html/ntpdsim_new.html
ntp-4.2.8p13/html/ntpq.html
ntp-4.2.8p13/html/ntptime.html
ntp-4.2.8p13/html/ntptrace.html
ntp-4.2.8p13/html/orphan.html
ntp-4.2.8p13/html/parsedata.html
ntp-4.2.8p13/html/parsenew.html
ntp-4.2.8p13/html/poll.html
ntp-4.2.8p13/html/pps.html
ntp-4.2.8p13/html/prefer.html
ntp-4.2.8p13/html/quick.html
ntp-4.2.8p13/html/rate.html
ntp-4.2.8p13/html/rdebug.html
ntp-4.2.8p13/html/refclock.html
ntp-4.2.8p13/html/release.html
ntp-4.2.8p13/html/select.html
ntp-4.2.8p13/html/sitemap.html
ntp-4.2.8p13/html/sntp.html
ntp-4.2.8p13/html/stats.html
ntp-4.2.8p13/html/tickadj.html
ntp-4.2.8p13/html/warp.html
ntp-4.2.8p13/html/xleave.html
ntp-4.2.8p13/html/scripts/clockopt.txt
ntp-4.2.8p13/html/scripts/accopt.txt
ntp-4.2.8p13/html/scripts/audio.txt
ntp-4.2.8p13/html/scripts/authopt.txt
ntp-4.2.8p13/html/scripts/external.txt
ntp-4.2.8p13/html/scripts/command.txt
ntp-4.2.8p13/html/scripts/config.txt
ntp-4.2.8p13/html/scripts/confopt.txt
ntp-4.2.8p13/html/scripts/refclock.txt
ntp-4.2.8p13/html/scripts/footer.txt
ntp-4.2.8p13/html/scripts/hand.txt
ntp-4.2.8p13/html/scripts/install.txt
ntp-4.2.8p13/html/scripts/manual.txt
ntp-4.2.8p13/html/scripts/misc.txt
ntp-4.2.8p13/html/scripts/miscopt.txt
ntp-4.2.8p13/html/scripts/monopt.txt
ntp-4.2.8p13/html/scripts/special.txt
ntp-4.2.8p13/html/scripts/style.css
ntp-4.2.8p13/html/pic/barnstable.gif
ntp-4.2.8p13/html/pic/9400n.jpg
ntp-4.2.8p13/html/pic/alice11.gif
ntp-4.2.8p13/html/pic/alice13.gif
ntp-4.2.8p13/html/pic/alice15.gif
ntp-4.2.8p13/html/pic/alice23.gif
ntp-4.2.8p13/html/pic/alice31.gif
ntp-4.2.8p13/html/pic/alice32.gif
ntp-4.2.8p13/html/pic/alice35.gif
ntp-4.2.8p13/html/pic/alice38.gif
ntp-4.2.8p13/html/pic/alice44.gif
ntp-4.2.8p13/html/pic/alice47.gif
ntp-4.2.8p13/html/pic/alice51.gif
ntp-4.2.8p13/html/pic/alice61.gif
ntp-4.2.8p13/html/pic/bustardfly.gif
ntp-4.2.8p13/html/pic/beaver.gif
ntp-4.2.8p13/html/pic/boom3.gif
ntp-4.2.8p13/html/pic/boom3a.gif
ntp-4.2.8p13/html/pic/boom4.gif
ntp-4.2.8p13/html/pic/broad.gif
ntp-4.2.8p13/html/pic/description.jpg
ntp-4.2.8p13/html/pic/c51.jpg
ntp-4.2.8p13/html/pic/oncore_evalbig.gif
ntp-4.2.8p13/html/pic/discipline.gif
ntp-4.2.8p13/html/pic/dogsnake.gif
ntp-4.2.8p13/html/pic/driver29.gif
ntp-4.2.8p13/html/pic/driver43_1.gif
ntp-4.2.8p13/html/pic/driver43_2.jpg
ntp-4.2.8p13/html/pic/fg6021.gif
ntp-4.2.8p13/html/pic/fg6039.jpg
ntp-4.2.8p13/html/pic/fig_3_1.gif
ntp-4.2.8p13/html/pic/flatheads.gif
ntp-4.2.8p13/html/pic/flt1.gif
ntp-4.2.8p13/html/pic/flt2.gif
ntp-4.2.8p13/html/pic/flt3.gif
ntp-4.2.8p13/html/pic/flt4.gif
ntp-4.2.8p13/html/pic/flt5.gif
ntp-4.2.8p13/html/pic/flt6.gif
ntp-4.2.8p13/html/pic/flt7.gif
ntp-4.2.8p13/html/pic/flt8.gif
ntp-4.2.8p13/html/pic/flt9.gif
ntp-4.2.8p13/html/pic/freq1211.gif
ntp-4.2.8p13/html/pic/gadget.jpg
ntp-4.2.8p13/html/pic/gps167.jpg
ntp-4.2.8p13/html/pic/group.gif
ntp-4.2.8p13/html/pic/hornraba.gif
ntp-4.2.8p13/html/pic/igclock.gif
ntp-4.2.8p13/html/pic/neoclock4x.gif
ntp-4.2.8p13/html/pic/offset1211.gif
ntp-4.2.8p13/html/pic/panda.gif
ntp-4.2.8p13/html/pic/oz2.gif
ntp-4.2.8p13/html/pic/oncore_remoteant.jpg
ntp-4.2.8p13/html/pic/oncore_utplusbig.gif
ntp-4.2.8p13/html/pic/pd_om006.gif
ntp-4.2.8p13/html/pic/pd_om011.gif
ntp-4.2.8p13/html/pic/peer.gif
ntp-4.2.8p13/html/pic/pogo.gif
ntp-4.2.8p13/html/pic/pogo1a.gif
ntp-4.2.8p13/html/pic/pogo3a.gif
ntp-4.2.8p13/html/pic/pogo4.gif
ntp-4.2.8p13/html/pic/pogo5.gif
ntp-4.2.8p13/html/pic/pogo6.gif
ntp-4.2.8p13/html/pic/pogo7.gif
ntp-4.2.8p13/html/pic/pogo8.gif
ntp-4.2.8p13/html/pic/pzf509.jpg
ntp-4.2.8p13/html/pic/pzf511.jpg
ntp-4.2.8p13/html/pic/rabbit.gif
ntp-4.2.8p13/html/pic/radio2.jpg
ntp-4.2.8p13/html/pic/sheepb.jpg
ntp-4.2.8p13/html/pic/stack1a.jpg
ntp-4.2.8p13/html/pic/sx5.gif
ntp-4.2.8p13/html/pic/stats.gif
ntp-4.2.8p13/html/pic/thunderbolt.jpg
ntp-4.2.8p13/html/pic/time1.gif
ntp-4.2.8p13/html/pic/tonea.gif
ntp-4.2.8p13/html/pic/tribeb.gif
ntp-4.2.8p13/html/pic/wingdorothy.gif
ntp-4.2.8p13/html/icons/home.gif
ntp-4.2.8p13/html/icons/mail2.gif
ntp-4.2.8p13/html/icons/sitemap.png
ntp-4.2.8p13/html/hints/notes-xntp-v3
ntp-4.2.8p13/html/hints/a-ux
ntp-4.2.8p13/html/hints/aix
ntp-4.2.8p13/html/hints/bsdi
ntp-4.2.8p13/html/hints/changes
ntp-4.2.8p13/html/hints/decosf1
ntp-4.2.8p13/html/hints/decosf2
ntp-4.2.8p13/html/hints/freebsd
ntp-4.2.8p13/html/hints/hpux
ntp-4.2.8p13/html/hints/linux
ntp-4.2.8p13/html/hints/mpeix
ntp-4.2.8p13/html/hints/refclocks
ntp-4.2.8p13/html/hints/parse
ntp-4.2.8p13/html/hints/sco.html
ntp-4.2.8p13/html/hints/rs6000
ntp-4.2.8p13/html/hints/sgi
ntp-4.2.8p13/html/hints/svr4-dell
ntp-4.2.8p13/html/hints/sun4
ntp-4.2.8p13/html/hints/solaris-dosynctodr.html
ntp-4.2.8p13/html/hints/solaris.html
ntp-4.2.8p13/html/hints/solaris.xtra.4023118
ntp-4.2.8p13/html/hints/solaris.xtra.4095849
ntp-4.2.8p13/html/hints/solaris.xtra.S99ntpd
ntp-4.2.8p13/html/hints/solaris.xtra.patchfreq
ntp-4.2.8p13/html/hints/svr4_package
ntp-4.2.8p13/html/hints/todo
ntp-4.2.8p13/html/hints/vxworks.html
ntp-4.2.8p13/html/hints/winnt.html
ntp-4.2.8p13/html/drivers/icons/
ntp-4.2.8p13/html/drivers/scripts/
ntp-4.2.8p13/html/drivers/driver40-ja.html
ntp-4.2.8p13/html/drivers/driver1.html
ntp-4.2.8p13/html/drivers/driver10.html
ntp-4.2.8p13/html/drivers/driver11.html
ntp-4.2.8p13/html/drivers/driver12.html
ntp-4.2.8p13/html/drivers/driver16.html
ntp-4.2.8p13/html/drivers/driver18.html
ntp-4.2.8p13/html/drivers/driver19.html
ntp-4.2.8p13/html/drivers/driver20.html
ntp-4.2.8p13/html/drivers/driver22.html
ntp-4.2.8p13/html/drivers/driver26.html
ntp-4.2.8p13/html/drivers/driver27.html
ntp-4.2.8p13/html/drivers/driver28.html
ntp-4.2.8p13/html/drivers/driver29.html
ntp-4.2.8p13/html/drivers/driver3.html
ntp-4.2.8p13/html/drivers/driver30.html
ntp-4.2.8p13/html/drivers/driver31.html
ntp-4.2.8p13/html/drivers/driver32.html
ntp-4.2.8p13/html/drivers/driver33.html
ntp-4.2.8p13/html/drivers/driver34.html
ntp-4.2.8p13/html/drivers/driver35.html
ntp-4.2.8p13/html/drivers/driver36.html
ntp-4.2.8p13/html/drivers/driver37.html
ntp-4.2.8p13/html/drivers/driver38.html
ntp-4.2.8p13/html/drivers/driver39.html
ntp-4.2.8p13/html/drivers/driver4.html
ntp-4.2.8p13/html/drivers/oncore-shmem.html
ntp-4.2.8p13/html/drivers/driver40.html
ntp-4.2.8p13/html/drivers/driver42.html
ntp-4.2.8p13/html/drivers/driver43.html
ntp-4.2.8p13/html/drivers/driver44.html
ntp-4.2.8p13/html/drivers/driver45.html
ntp-4.2.8p13/html/drivers/driver46.html
ntp-4.2.8p13/html/drivers/driver5.html
ntp-4.2.8p13/html/drivers/driver6.html
ntp-4.2.8p13/html/drivers/driver7.html
ntp-4.2.8p13/html/drivers/driver8.html
ntp-4.2.8p13/html/drivers/driver9.html
ntp-4.2.8p13/html/drivers/mx4200data.html
ntp-4.2.8p13/html/drivers/tf582_4.html
ntp-4.2.8p13/html/drivers/scripts/footer.txt
ntp-4.2.8p13/html/drivers/scripts/style.css
ntp-4.2.8p13/html/drivers/icons/home.gif
ntp-4.2.8p13/html/drivers/icons/mail2.gif
ntp-4.2.8p13/conf/baldwin.conf
ntp-4.2.8p13/conf/README
ntp-4.2.8p13/conf/beauregard.conf
ntp-4.2.8p13/conf/grundoon.conf
ntp-4.2.8p13/conf/malarky.conf
ntp-4.2.8p13/conf/pogo.conf
ntp-4.2.8p13/conf/rackety.conf
ntp-4.2.8p13/sntp/libevent/
ntp-4.2.8p13/sntp/libopts/
ntp-4.2.8p13/sntp/m4/
ntp-4.2.8p13/sntp/unity/
ntp-4.2.8p13/sntp/Makefile.am
ntp-4.2.8p13/sntp/configure
ntp-4.2.8p13/sntp/configure.ac
ntp-4.2.8p13/sntp/aclocal.m4
ntp-4.2.8p13/sntp/crypto.h
ntp-4.2.8p13/sntp/data_formats.h
ntp-4.2.8p13/sntp/kod_management.h
ntp-4.2.8p13/sntp/log.h
ntp-4.2.8p13/sntp/main.h
ntp-4.2.8p13/sntp/networking.h
ntp-4.2.8p13/sntp/sntp-opts.h
ntp-4.2.8p13/sntp/utilities.h
ntp-4.2.8p13/sntp/Makefile.in
ntp-4.2.8p13/sntp/config.h.in
ntp-4.2.8p13/sntp/bincheck.mf
ntp-4.2.8p13/sntp/check-libntp.mf
ntp-4.2.8p13/sntp/check-libopts.mf
ntp-4.2.8p13/sntp/depsver.mf
ntp-4.2.8p13/sntp/includes.mf
ntp-4.2.8p13/sntp/crypto.c
ntp-4.2.8p13/sntp/kod_management.c
ntp-4.2.8p13/sntp/log.c
ntp-4.2.8p13/sntp/main.c
ntp-4.2.8p13/sntp/networking.c
ntp-4.2.8p13/sntp/sntp-opts.c
ntp-4.2.8p13/sntp/utilities.c
ntp-4.2.8p13/sntp/sntp.c
ntp-4.2.8p13/sntp/COPYRIGHT
ntp-4.2.8p13/sntp/ag-tpl/
ntp-4.2.8p13/sntp/deps-ver
ntp-4.2.8p13/sntp/harden/
ntp-4.2.8p13/sntp/invoke-sntp.menu
ntp-4.2.8p13/sntp/invoke-sntp.texi
ntp-4.2.8p13/sntp/libpkgver/
ntp-4.2.8p13/sntp/loc/
ntp-4.2.8p13/sntp/sntp-opts.def
ntp-4.2.8p13/sntp/sntp.1sntpman
ntp-4.2.8p13/sntp/sntp.1sntpmdoc
ntp-4.2.8p13/sntp/sntp.man.in
ntp-4.2.8p13/sntp/sntp.mdoc.in
ntp-4.2.8p13/sntp/sntp.html
ntp-4.2.8p13/sntp/sntp.texi
ntp-4.2.8p13/sntp/scm-rev
ntp-4.2.8p13/sntp/include/
ntp-4.2.8p13/sntp/scripts/
ntp-4.2.8p13/sntp/tests/
ntp-4.2.8p13/sntp/version.c
ntp-4.2.8p13/sntp/tests/data/
ntp-4.2.8p13/sntp/tests/Makefile.am
ntp-4.2.8p13/sntp/tests/tests-runner
ntp-4.2.8p13/sntp/tests/sntptest.h
ntp-4.2.8p13/sntp/tests/Makefile.in
ntp-4.2.8p13/sntp/tests/fileHandlingTest.h.in
ntp-4.2.8p13/sntp/tests/crypto.c
ntp-4.2.8p13/sntp/tests/run-crypto.c
ntp-4.2.8p13/sntp/tests/fileHandlingTest.c
ntp-4.2.8p13/sntp/tests/keyFile.c
ntp-4.2.8p13/sntp/tests/run-keyFile.c
ntp-4.2.8p13/sntp/tests/kodDatabase.c
ntp-4.2.8p13/sntp/tests/run-kodDatabase.c
ntp-4.2.8p13/sntp/tests/kodFile.c
ntp-4.2.8p13/sntp/tests/run-kodFile.c
ntp-4.2.8p13/sntp/tests/t-log.c
ntp-4.2.8p13/sntp/tests/run-t-log.c
ntp-4.2.8p13/sntp/tests/networking.c
ntp-4.2.8p13/sntp/tests/run-networking.c
ntp-4.2.8p13/sntp/tests/packetHandling.c
ntp-4.2.8p13/sntp/tests/packetProcessing.c
ntp-4.2.8p13/sntp/tests/run-packetHandling.c
ntp-4.2.8p13/sntp/tests/run-packetProcessing.c
ntp-4.2.8p13/sntp/tests/sntptest.c
ntp-4.2.8p13/sntp/tests/utilities.c
ntp-4.2.8p13/sntp/tests/run-utilities.c
ntp-4.2.8p13/sntp/tests/testconf.yml
ntp-4.2.8p13/sntp/tests/data/debug-input-lfp-bin
ntp-4.2.8p13/sntp/tests/data/debug-input-lfp-dec
ntp-4.2.8p13/sntp/tests/data/debug-input-pkt
ntp-4.2.8p13/sntp/tests/data/key-test-ascii
ntp-4.2.8p13/sntp/tests/data/key-test-comments
ntp-4.2.8p13/sntp/tests/data/key-test-empty
ntp-4.2.8p13/sntp/tests/data/key-test-hex
ntp-4.2.8p13/sntp/tests/data/key-test-invalid-hex
ntp-4.2.8p13/sntp/tests/data/kod-expected-multiple
ntp-4.2.8p13/sntp/tests/data/kod-expected-single
ntp-4.2.8p13/sntp/tests/data/kod-test-blanks
ntp-4.2.8p13/sntp/tests/data/kod-test-correct
ntp-4.2.8p13/sntp/tests/data/kod-test-empty
ntp-4.2.8p13/sntp/scripts/Makefile.am
ntp-4.2.8p13/sntp/scripts/Makefile.in
ntp-4.2.8p13/sntp/scripts/cvo.sh
ntp-4.2.8p13/sntp/scripts/genHardFlags
ntp-4.2.8p13/sntp/scripts/genLocInfo
ntp-4.2.8p13/sntp/scripts/mansec2subst.sed
ntp-4.2.8p13/sntp/include/Makefile.am
ntp-4.2.8p13/sntp/include/Makefile.in
ntp-4.2.8p13/sntp/include/autogen-version.def
ntp-4.2.8p13/sntp/include/copyright.def
ntp-4.2.8p13/sntp/include/debug-opt.def
ntp-4.2.8p13/sntp/include/homerc.def
ntp-4.2.8p13/sntp/include/ntp.lic
ntp-4.2.8p13/sntp/include/version.def
ntp-4.2.8p13/sntp/include/version.texi
ntp-4.2.8p13/sntp/loc/README
ntp-4.2.8p13/sntp/loc/darwin
ntp-4.2.8p13/sntp/loc/debian
ntp-4.2.8p13/sntp/loc/freebsd
ntp-4.2.8p13/sntp/loc/legacy
ntp-4.2.8p13/sntp/loc/netbsd
ntp-4.2.8p13/sntp/loc/redhat
ntp-4.2.8p13/sntp/loc/solaris
ntp-4.2.8p13/sntp/libpkgver/colcomp.c
ntp-4.2.8p13/sntp/libpkgver/pkgver.h
ntp-4.2.8p13/sntp/harden/freebsd10
ntp-4.2.8p13/sntp/harden/README
ntp-4.2.8p13/sntp/harden/default
ntp-4.2.8p13/sntp/harden/freebsd11
ntp-4.2.8p13/sntp/harden/freebsd12
ntp-4.2.8p13/sntp/harden/linux
ntp-4.2.8p13/sntp/harden/netbsd7.0
ntp-4.2.8p13/sntp/harden/netbsd7.99
ntp-4.2.8p13/sntp/ag-tpl/0-old/
ntp-4.2.8p13/sntp/ag-tpl/mdoc2man
ntp-4.2.8p13/sntp/ag-tpl/Mdoc.pm
ntp-4.2.8p13/sntp/ag-tpl/0-old/agman-cmd.tpl
ntp-4.2.8p13/sntp/ag-tpl/0-old/Mdoc.pm
ntp-4.2.8p13/sntp/ag-tpl/0-old/mdoc-synopsis.tlib
ntp-4.2.8p13/sntp/ag-tpl/0-old/agmdoc-cmd.tpl
ntp-4.2.8p13/sntp/ag-tpl/0-old/cmd-doc.tlib
ntp-4.2.8p13/sntp/ag-tpl/0-old/mdoc2man
ntp-4.2.8p13/sntp/ag-tpl/0-old/mdoc2texi
ntp-4.2.8p13/sntp/ag-tpl/0-old/perlopt.tpl
ntp-4.2.8p13/sntp/unity/auto/
ntp-4.2.8p13/sntp/unity/Makefile.am
ntp-4.2.8p13/sntp/unity/Makefile.in
ntp-4.2.8p13/sntp/unity/unity.c
ntp-4.2.8p13/sntp/unity/ulib_setup.c
ntp-4.2.8p13/sntp/unity/ulib_teardown.c
ntp-4.2.8p13/sntp/unity/unity.h
ntp-4.2.8p13/sntp/unity/unity_config.h
ntp-4.2.8p13/sntp/unity/unity_internals.h
ntp-4.2.8p13/sntp/unity/unity_fixture.c
ntp-4.2.8p13/sntp/unity/unity_fixture.h
ntp-4.2.8p13/sntp/unity/unity_fixture_internals.h
ntp-4.2.8p13/sntp/unity/unity_fixture_malloc_overrides.h
ntp-4.2.8p13/sntp/unity/auto/generate_test_runner.rb
ntp-4.2.8p13/sntp/unity/auto/colour_prompt.rb
ntp-4.2.8p13/sntp/unity/auto/colour_reporter.rb
ntp-4.2.8p13/sntp/unity/auto/generate_config.yml
ntp-4.2.8p13/sntp/unity/auto/generate_module.rb
ntp-4.2.8p13/sntp/unity/auto/test_file_filter.rb
ntp-4.2.8p13/sntp/unity/auto/parseOutput.rb
ntp-4.2.8p13/sntp/unity/auto/runner_maybe.c
ntp-4.2.8p13/sntp/unity/auto/unity_test_summary.py
ntp-4.2.8p13/sntp/unity/auto/type_sanitizer.rb
ntp-4.2.8p13/sntp/unity/auto/unity_test_summary.rb
ntp-4.2.8p13/sntp/m4/ax_c99_struct_init.m4
ntp-4.2.8p13/sntp/m4/define_dir.m4
ntp-4.2.8p13/sntp/m4/hms_search_lib.m4
ntp-4.2.8p13/sntp/m4/libtool.m4
ntp-4.2.8p13/sntp/m4/ltoptions.m4
ntp-4.2.8p13/sntp/m4/ltsugar.m4
ntp-4.2.8p13/sntp/m4/ltversion.m4
ntp-4.2.8p13/sntp/m4/lt~obsolete.m4
ntp-4.2.8p13/sntp/m4/ntp_af_unspec.m4
ntp-4.2.8p13/sntp/m4/ntp_cacheversion.m4
ntp-4.2.8p13/sntp/m4/ntp_compiler.m4
ntp-4.2.8p13/sntp/m4/ntp_crosscompile.m4
ntp-4.2.8p13/sntp/m4/ntp_crypto_rand.m4
ntp-4.2.8p13/sntp/m4/ntp_debug.m4
ntp-4.2.8p13/sntp/m4/ntp_dir_sep.m4
ntp-4.2.8p13/sntp/m4/ntp_facilitynames.m4
ntp-4.2.8p13/sntp/m4/ntp_googletest.m4
ntp-4.2.8p13/sntp/m4/ntp_harden.m4
ntp-4.2.8p13/sntp/m4/ntp_ipv6.m4
ntp-4.2.8p13/sntp/m4/ntp_lib_m.m4
ntp-4.2.8p13/sntp/m4/ntp_libevent.m4
ntp-4.2.8p13/sntp/m4/ntp_libntp.m4
ntp-4.2.8p13/sntp/m4/ntp_lineeditlibs.m4
ntp-4.2.8p13/sntp/m4/ntp_locinfo.m4
ntp-4.2.8p13/sntp/m4/ntp_openssl.m4
ntp-4.2.8p13/sntp/m4/ntp_pkg_config.m4
ntp-4.2.8p13/sntp/m4/ntp_problemtests.m4
ntp-4.2.8p13/sntp/m4/ntp_prog_cc.m4
ntp-4.2.8p13/sntp/m4/ntp_rlimit.m4
ntp-4.2.8p13/sntp/m4/ntp_sntp.m4
ntp-4.2.8p13/sntp/m4/ntp_unitytest.m4
ntp-4.2.8p13/sntp/m4/ntp_ver_suffix.m4
ntp-4.2.8p13/sntp/m4/ntp_vpathhack.m4
ntp-4.2.8p13/sntp/m4/openldap-thread-check.m4
ntp-4.2.8p13/sntp/m4/openldap.m4
ntp-4.2.8p13/sntp/m4/os_cflags.m4
ntp-4.2.8p13/sntp/m4/snprintf.m4
ntp-4.2.8p13/sntp/m4/version.m4
ntp-4.2.8p13/sntp/m4/ntp_sysexits.m4
ntp-4.2.8p13/sntp/m4/sntp_problemtests.m4
ntp-4.2.8p13/sntp/libopts/m4/
ntp-4.2.8p13/sntp/libopts/autoopts/
ntp-4.2.8p13/sntp/libopts/compat/
ntp-4.2.8p13/sntp/libopts/Makefile.am
ntp-4.2.8p13/sntp/libopts/Makefile.in
ntp-4.2.8p13/sntp/libopts/README
ntp-4.2.8p13/sntp/libopts/libopts.c
ntp-4.2.8p13/sntp/libopts/stdnoreturn.in.h
ntp-4.2.8p13/sntp/libopts/COPYING.gplv3
ntp-4.2.8p13/sntp/libopts/COPYING.lgplv3
ntp-4.2.8p13/sntp/libopts/COPYING.mbsd
ntp-4.2.8p13/sntp/libopts/MakeDefs.inc
ntp-4.2.8p13/sntp/libopts/ag-char-map.h
ntp-4.2.8p13/sntp/libopts/alias.c
ntp-4.2.8p13/sntp/libopts/ao-strs.c
ntp-4.2.8p13/sntp/libopts/ao-strs.h
ntp-4.2.8p13/sntp/libopts/autoopts.c
ntp-4.2.8p13/sntp/libopts/autoopts.h
ntp-4.2.8p13/sntp/libopts/boolean.c
ntp-4.2.8p13/sntp/libopts/check.c
ntp-4.2.8p13/sntp/libopts/configfile.c
ntp-4.2.8p13/sntp/libopts/cook.c
ntp-4.2.8p13/sntp/libopts/enum.c
ntp-4.2.8p13/sntp/libopts/env.c
ntp-4.2.8p13/sntp/libopts/file.c
ntp-4.2.8p13/sntp/libopts/find.c
ntp-4.2.8p13/sntp/libopts/genshell.c
ntp-4.2.8p13/sntp/libopts/genshell.h
ntp-4.2.8p13/sntp/libopts/gettext.h
ntp-4.2.8p13/sntp/libopts/init.c
ntp-4.2.8p13/sntp/libopts/intprops.h
ntp-4.2.8p13/sntp/libopts/load.c
ntp-4.2.8p13/sntp/libopts/makeshell.c
ntp-4.2.8p13/sntp/libopts/nested.c
ntp-4.2.8p13/sntp/libopts/numeric.c
ntp-4.2.8p13/sntp/libopts/option-value-type.c
ntp-4.2.8p13/sntp/libopts/option-value-type.h
ntp-4.2.8p13/sntp/libopts/option-xat-attribute.c
ntp-4.2.8p13/sntp/libopts/option-xat-attribute.h
ntp-4.2.8p13/sntp/libopts/parse-duration.c
ntp-4.2.8p13/sntp/libopts/parse-duration.h
ntp-4.2.8p13/sntp/libopts/pgusage.c
ntp-4.2.8p13/sntp/libopts/proto.h
ntp-4.2.8p13/sntp/libopts/putshell.c
ntp-4.2.8p13/sntp/libopts/reset.c
ntp-4.2.8p13/sntp/libopts/restore.c
ntp-4.2.8p13/sntp/libopts/save.c
ntp-4.2.8p13/sntp/libopts/sort.c
ntp-4.2.8p13/sntp/libopts/stack.c
ntp-4.2.8p13/sntp/libopts/streqvcmp.c
ntp-4.2.8p13/sntp/libopts/text_mmap.c
ntp-4.2.8p13/sntp/libopts/time.c
ntp-4.2.8p13/sntp/libopts/tokenize.c
ntp-4.2.8p13/sntp/libopts/usage.c
ntp-4.2.8p13/sntp/libopts/version.c
ntp-4.2.8p13/sntp/libopts/compat/_Noreturn.h
ntp-4.2.8p13/sntp/libopts/compat/snprintf.c
ntp-4.2.8p13/sntp/libopts/compat/strchr.c
ntp-4.2.8p13/sntp/libopts/compat/strdup.c
ntp-4.2.8p13/sntp/libopts/compat/pathfind.c
ntp-4.2.8p13/sntp/libopts/compat/compat.h
ntp-4.2.8p13/sntp/libopts/compat/windows-config.h
ntp-4.2.8p13/sntp/libopts/autoopts/project.h
ntp-4.2.8p13/sntp/libopts/autoopts/options.h
ntp-4.2.8p13/sntp/libopts/autoopts/usage-txt.h
ntp-4.2.8p13/sntp/libopts/m4/libopts.m4
ntp-4.2.8p13/sntp/libopts/m4/stdnoreturn.m4
ntp-4.2.8p13/sntp/libopts/m4/liboptschk.m4
ntp-4.2.8p13/sntp/libevent/build-aux/
ntp-4.2.8p13/sntp/libevent/WIN32-Code/
ntp-4.2.8p13/sntp/libevent/compat/
ntp-4.2.8p13/sntp/libevent/include/
ntp-4.2.8p13/sntp/libevent/m4/
ntp-4.2.8p13/sntp/libevent/test/
ntp-4.2.8p13/sntp/libevent/Makefile.am
ntp-4.2.8p13/sntp/libevent/configure
ntp-4.2.8p13/sntp/libevent/configure.ac
ntp-4.2.8p13/sntp/libevent/aclocal.m4
ntp-4.2.8p13/sntp/libevent/event_rpcgen.py
ntp-4.2.8p13/sntp/libevent/bufferevent-internal.h
ntp-4.2.8p13/sntp/libevent/changelist-internal.h
ntp-4.2.8p13/sntp/libevent/defer-internal.h
ntp-4.2.8p13/sntp/libevent/epolltable-internal.h
ntp-4.2.8p13/sntp/libevent/evbuffer-internal.h
ntp-4.2.8p13/sntp/libevent/evconfig-private.h
ntp-4.2.8p13/sntp/libevent/event-internal.h
ntp-4.2.8p13/sntp/libevent/evmap-internal.h
ntp-4.2.8p13/sntp/libevent/evrpc-internal.h
ntp-4.2.8p13/sntp/libevent/event.c
ntp-4.2.8p13/sntp/libevent/evsignal-internal.h
ntp-4.2.8p13/sntp/libevent/evthread-internal.h
ntp-4.2.8p13/sntp/libevent/ht-internal.h
ntp-4.2.8p13/sntp/libevent/http-internal.h
ntp-4.2.8p13/sntp/libevent/iocp-internal.h
ntp-4.2.8p13/sntp/libevent/ipv6-internal.h
ntp-4.2.8p13/sntp/libevent/kqueue-internal.h
ntp-4.2.8p13/sntp/libevent/log-internal.h
ntp-4.2.8p13/sntp/libevent/minheap-internal.h
ntp-4.2.8p13/sntp/libevent/mm-internal.h
ntp-4.2.8p13/sntp/libevent/ratelim-internal.h
ntp-4.2.8p13/sntp/libevent/strlcpy-internal.h
ntp-4.2.8p13/sntp/libevent/time-internal.h
ntp-4.2.8p13/sntp/libevent/util-internal.h
ntp-4.2.8p13/sntp/libevent/Makefile.in
ntp-4.2.8p13/sntp/libevent/config.h.in
ntp-4.2.8p13/sntp/libevent/evconfig-private.h.in
ntp-4.2.8p13/sntp/libevent/libevent.pc.in
ntp-4.2.8p13/sntp/libevent/libevent_openssl.pc.in
ntp-4.2.8p13/sntp/libevent/ChangeLog
ntp-4.2.8p13/sntp/libevent/libevent_pthreads.pc.in
ntp-4.2.8p13/sntp/libevent/epoll_sub.c
ntp-4.2.8p13/sntp/libevent/buffer.c
ntp-4.2.8p13/sntp/libevent/bufferevent.c
ntp-4.2.8p13/sntp/libevent/bufferevent_filter.c
ntp-4.2.8p13/sntp/libevent/bufferevent_pair.c
ntp-4.2.8p13/sntp/libevent/bufferevent_ratelim.c
ntp-4.2.8p13/sntp/libevent/bufferevent_sock.c
ntp-4.2.8p13/sntp/libevent/evmap.c
ntp-4.2.8p13/sntp/libevent/evthread.c
ntp-4.2.8p13/sntp/libevent/evutil.c
ntp-4.2.8p13/sntp/libevent/evutil_rand.c
ntp-4.2.8p13/sntp/libevent/evutil_time.c
ntp-4.2.8p13/sntp/libevent/listener.c
ntp-4.2.8p13/sntp/libevent/log.c
ntp-4.2.8p13/sntp/libevent/strlcpy.c
ntp-4.2.8p13/sntp/libevent/select.c
ntp-4.2.8p13/sntp/libevent/poll.c
ntp-4.2.8p13/sntp/libevent/devpoll.c
ntp-4.2.8p13/sntp/libevent/kqueue.c
ntp-4.2.8p13/sntp/libevent/epoll.c
ntp-4.2.8p13/sntp/libevent/evport.c
ntp-4.2.8p13/sntp/libevent/signal.c
ntp-4.2.8p13/sntp/libevent/win32select.c
ntp-4.2.8p13/sntp/libevent/evthread_win32.c
ntp-4.2.8p13/sntp/libevent/buffer_iocp.c
ntp-4.2.8p13/sntp/libevent/event_iocp.c
ntp-4.2.8p13/sntp/libevent/bufferevent_async.c
ntp-4.2.8p13/sntp/libevent/evdns.c
ntp-4.2.8p13/sntp/libevent/event_tagging.c
ntp-4.2.8p13/sntp/libevent/evrpc.c
ntp-4.2.8p13/sntp/libevent/http.c
ntp-4.2.8p13/sntp/libevent/bufferevent_openssl.c
ntp-4.2.8p13/sntp/libevent/evthread_pthread.c
ntp-4.2.8p13/sntp/libevent/ChangeLog-1.4
ntp-4.2.8p13/sntp/libevent/ChangeLog-2.0
ntp-4.2.8p13/sntp/libevent/Doxyfile
ntp-4.2.8p13/sntp/libevent/LICENSE
ntp-4.2.8p13/sntp/libevent/Makefile.nmake
ntp-4.2.8p13/sntp/libevent/autogen.sh
ntp-4.2.8p13/sntp/libevent/make-event-config.sed
ntp-4.2.8p13/sntp/libevent/whatsnew-2.0.txt
ntp-4.2.8p13/sntp/libevent/whatsnew-2.1.txt
ntp-4.2.8p13/sntp/libevent/arc4random.c
ntp-4.2.8p13/sntp/libevent/test/regress.h
ntp-4.2.8p13/sntp/libevent/test/regress_thread.h
ntp-4.2.8p13/sntp/libevent/test/tinytest.h
ntp-4.2.8p13/sntp/libevent/test/tinytest_local.h
ntp-4.2.8p13/sntp/libevent/test/tinytest_macros.h
ntp-4.2.8p13/sntp/libevent/test/include.am
ntp-4.2.8p13/sntp/libevent/test/bench.c
ntp-4.2.8p13/sntp/libevent/test/bench_cascade.c
ntp-4.2.8p13/sntp/libevent/test/bench_http.c
ntp-4.2.8p13/sntp/libevent/test/bench_httpclient.c
ntp-4.2.8p13/sntp/libevent/test/regress.c
ntp-4.2.8p13/sntp/libevent/test/regress.gen.c
ntp-4.2.8p13/sntp/libevent/test/regress.gen.h
ntp-4.2.8p13/sntp/libevent/test/regress_buffer.c
ntp-4.2.8p13/sntp/libevent/test/regress_bufferevent.c
ntp-4.2.8p13/sntp/libevent/test/regress_dns.c
ntp-4.2.8p13/sntp/libevent/test/regress_et.c
ntp-4.2.8p13/sntp/libevent/test/regress_finalize.c
ntp-4.2.8p13/sntp/libevent/test/regress_http.c
ntp-4.2.8p13/sntp/libevent/test/regress_main.c
ntp-4.2.8p13/sntp/libevent/test/regress_listener.c
ntp-4.2.8p13/sntp/libevent/test/regress_minheap.c
ntp-4.2.8p13/sntp/libevent/test/regress_rpc.c
ntp-4.2.8p13/sntp/libevent/test/regress_testutils.c
ntp-4.2.8p13/sntp/libevent/test/regress_testutils.h
ntp-4.2.8p13/sntp/libevent/test/regress_util.c
ntp-4.2.8p13/sntp/libevent/test/tinytest.c
ntp-4.2.8p13/sntp/libevent/test/regress_thread.c
ntp-4.2.8p13/sntp/libevent/test/regress_zlib.c
ntp-4.2.8p13/sntp/libevent/test/regress_iocp.c
ntp-4.2.8p13/sntp/libevent/test/regress_ssl.c
ntp-4.2.8p13/sntp/libevent/test/test-changelist.c
ntp-4.2.8p13/sntp/libevent/test/test-closed.c
ntp-4.2.8p13/sntp/libevent/test/test-dumpevents.c
ntp-4.2.8p13/sntp/libevent/test/test-eof.c
ntp-4.2.8p13/sntp/libevent/test/test-fdleak.c
ntp-4.2.8p13/sntp/libevent/test/test-init.c
ntp-4.2.8p13/sntp/libevent/test/test-ratelim.c
ntp-4.2.8p13/sntp/libevent/test/test-time.c
ntp-4.2.8p13/sntp/libevent/test/test-weof.c
ntp-4.2.8p13/sntp/libevent/test/Makefile.nmake
ntp-4.2.8p13/sntp/libevent/test/check-dumpevents.py
ntp-4.2.8p13/sntp/libevent/test/regress.rpc
ntp-4.2.8p13/sntp/libevent/test/rpcgen_wrapper.sh
ntp-4.2.8p13/sntp/libevent/test/test.sh
ntp-4.2.8p13/sntp/libevent/m4/ac_backport_259_ssizet.m4
ntp-4.2.8p13/sntp/libevent/m4/acx_pthread.m4
ntp-4.2.8p13/sntp/libevent/m4/libevent_openssl.m4
ntp-4.2.8p13/sntp/libevent/m4/libtool.m4
ntp-4.2.8p13/sntp/libevent/m4/ltoptions.m4
ntp-4.2.8p13/sntp/libevent/m4/ltsugar.m4
ntp-4.2.8p13/sntp/libevent/m4/ltversion.m4
ntp-4.2.8p13/sntp/libevent/m4/lt~obsolete.m4
ntp-4.2.8p13/sntp/libevent/m4/ntp_pkg_config.m4
ntp-4.2.8p13/sntp/libevent/include/event2/
ntp-4.2.8p13/sntp/libevent/include/evdns.h
ntp-4.2.8p13/sntp/libevent/include/event.h
ntp-4.2.8p13/sntp/libevent/include/evhttp.h
ntp-4.2.8p13/sntp/libevent/include/evrpc.h
ntp-4.2.8p13/sntp/libevent/include/evutil.h
ntp-4.2.8p13/sntp/libevent/include/include.am
ntp-4.2.8p13/sntp/libevent/include/event2/buffer.h
ntp-4.2.8p13/sntp/libevent/include/event2/buffer_compat.h
ntp-4.2.8p13/sntp/libevent/include/event2/bufferevent.h
ntp-4.2.8p13/sntp/libevent/include/event2/bufferevent_compat.h
ntp-4.2.8p13/sntp/libevent/include/event2/bufferevent_ssl.h
ntp-4.2.8p13/sntp/libevent/include/event2/bufferevent_struct.h
ntp-4.2.8p13/sntp/libevent/include/event2/dns.h
ntp-4.2.8p13/sntp/libevent/include/event2/dns_compat.h
ntp-4.2.8p13/sntp/libevent/include/event2/dns_struct.h
ntp-4.2.8p13/sntp/libevent/include/event2/event.h
ntp-4.2.8p13/sntp/libevent/include/event2/event_compat.h
ntp-4.2.8p13/sntp/libevent/include/event2/event_struct.h
ntp-4.2.8p13/sntp/libevent/include/event2/http.h
ntp-4.2.8p13/sntp/libevent/include/event2/http_compat.h
ntp-4.2.8p13/sntp/libevent/include/event2/http_struct.h
ntp-4.2.8p13/sntp/libevent/include/event2/keyvalq_struct.h
ntp-4.2.8p13/sntp/libevent/include/event2/listener.h
ntp-4.2.8p13/sntp/libevent/include/event2/rpc.h
ntp-4.2.8p13/sntp/libevent/include/event2/rpc_compat.h
ntp-4.2.8p13/sntp/libevent/include/event2/rpc_struct.h
ntp-4.2.8p13/sntp/libevent/include/event2/tag.h
ntp-4.2.8p13/sntp/libevent/include/event2/tag_compat.h
ntp-4.2.8p13/sntp/libevent/include/event2/thread.h
ntp-4.2.8p13/sntp/libevent/include/event2/util.h
ntp-4.2.8p13/sntp/libevent/include/event2/visibility.h
ntp-4.2.8p13/sntp/libevent/compat/sys/
ntp-4.2.8p13/sntp/libevent/compat/sys/queue.h
ntp-4.2.8p13/sntp/libevent/WIN32-Code/nmake/
ntp-4.2.8p13/sntp/libevent/WIN32-Code/tree.h
ntp-4.2.8p13/sntp/libevent/WIN32-Code/nmake/event2/
ntp-4.2.8p13/sntp/libevent/WIN32-Code/nmake/evconfig-private.h
ntp-4.2.8p13/sntp/libevent/WIN32-Code/nmake/event2/event-config.h
ntp-4.2.8p13/sntp/libevent/build-aux/ar-lib
ntp-4.2.8p13/sntp/libevent/build-aux/compile
ntp-4.2.8p13/sntp/libevent/build-aux/config.guess
ntp-4.2.8p13/sntp/libevent/build-aux/config.sub
ntp-4.2.8p13/sntp/libevent/build-aux/install-sh
ntp-4.2.8p13/sntp/libevent/build-aux/ltmain.sh
ntp-4.2.8p13/sntp/libevent/build-aux/missing
ntp-4.2.8p13/sntp/libevent/build-aux/depcomp
ntp-4.2.8p13/sntp/libevent/build-aux/ylwrap
ntp-4.2.8p13/sntp/libevent/build-aux/test-driver
ntp-4.2.8p13/lib/isc/
ntp-4.2.8p13/lib/isc/alpha/
ntp-4.2.8p13/lib/isc/ia64/
ntp-4.2.8p13/lib/isc/include/
ntp-4.2.8p13/lib/isc/mips/
ntp-4.2.8p13/lib/isc/nls/
ntp-4.2.8p13/lib/isc/noatomic/
ntp-4.2.8p13/lib/isc/nothreads/
ntp-4.2.8p13/lib/isc/powerpc/
ntp-4.2.8p13/lib/isc/pthreads/
ntp-4.2.8p13/lib/isc/sparc64/
ntp-4.2.8p13/lib/isc/tests/
ntp-4.2.8p13/lib/isc/unix/
ntp-4.2.8p13/lib/isc/win32/
ntp-4.2.8p13/lib/isc/x86_32/
ntp-4.2.8p13/lib/isc/x86_64/
ntp-4.2.8p13/lib/isc/app_api.c
ntp-4.2.8p13/lib/isc/Atffile
ntp-4.2.8p13/lib/isc/api
ntp-4.2.8p13/lib/isc/backtrace-emptytbl.c
ntp-4.2.8p13/lib/isc/assertions.c
ntp-4.2.8p13/lib/isc/backtrace.c
ntp-4.2.8p13/lib/isc/base32.c
ntp-4.2.8p13/lib/isc/base64.c
ntp-4.2.8p13/lib/isc/bitstring.c
ntp-4.2.8p13/lib/isc/buffer.c
ntp-4.2.8p13/lib/isc/bufferlist.c
ntp-4.2.8p13/lib/isc/commandline.c
ntp-4.2.8p13/lib/isc/entropy.c
ntp-4.2.8p13/lib/isc/error.c
ntp-4.2.8p13/lib/isc/event.c
ntp-4.2.8p13/lib/isc/fsaccess.c
ntp-4.2.8p13/lib/isc/hash.c
ntp-4.2.8p13/lib/isc/heap.c
ntp-4.2.8p13/lib/isc/hex.c
ntp-4.2.8p13/lib/isc/hmacmd5.c
ntp-4.2.8p13/lib/isc/hmacsha.c
ntp-4.2.8p13/lib/isc/httpd.c
ntp-4.2.8p13/lib/isc/inet_aton.c
ntp-4.2.8p13/lib/isc/inet_ntop.c
ntp-4.2.8p13/lib/isc/inet_pton.c
ntp-4.2.8p13/lib/isc/iterated_hash.c
ntp-4.2.8p13/lib/isc/lex.c
ntp-4.2.8p13/lib/isc/lfsr.c
ntp-4.2.8p13/lib/isc/lib.c
ntp-4.2.8p13/lib/isc/log.c
ntp-4.2.8p13/lib/isc/md5.c
ntp-4.2.8p13/lib/isc/mem.c
ntp-4.2.8p13/lib/isc/mem_api.c
ntp-4.2.8p13/lib/isc/mutexblock.c
ntp-4.2.8p13/lib/isc/netaddr.c
ntp-4.2.8p13/lib/isc/netscope.c
ntp-4.2.8p13/lib/isc/ondestroy.c
ntp-4.2.8p13/lib/isc/parseint.c
ntp-4.2.8p13/lib/isc/portset.c
ntp-4.2.8p13/lib/isc/print.c
ntp-4.2.8p13/lib/isc/quota.c
ntp-4.2.8p13/lib/isc/radix.c
ntp-4.2.8p13/lib/isc/random.c
ntp-4.2.8p13/lib/isc/ratelimiter.c
ntp-4.2.8p13/lib/isc/refcount.c
ntp-4.2.8p13/lib/isc/region.c
ntp-4.2.8p13/lib/isc/result.c
ntp-4.2.8p13/lib/isc/rwlock.c
ntp-4.2.8p13/lib/isc/serial.c
ntp-4.2.8p13/lib/isc/sha1.c
ntp-4.2.8p13/lib/isc/sha2.c
ntp-4.2.8p13/lib/isc/sockaddr.c
ntp-4.2.8p13/lib/isc/socket_api.c
ntp-4.2.8p13/lib/isc/stats.c
ntp-4.2.8p13/lib/isc/string.c
ntp-4.2.8p13/lib/isc/strtoul.c
ntp-4.2.8p13/lib/isc/symtab.c
ntp-4.2.8p13/lib/isc/task.c
ntp-4.2.8p13/lib/isc/task_api.c
ntp-4.2.8p13/lib/isc/task_p.h
ntp-4.2.8p13/lib/isc/taskpool.c
ntp-4.2.8p13/lib/isc/timer.c
ntp-4.2.8p13/lib/isc/timer_api.c
ntp-4.2.8p13/lib/isc/timer_p.h
ntp-4.2.8p13/lib/isc/tsmemcmp.c
ntp-4.2.8p13/lib/isc/version.c
ntp-4.2.8p13/lib/isc/x86_64/include/
ntp-4.2.8p13/lib/isc/x86_64/include/isc/
ntp-4.2.8p13/lib/isc/x86_64/include/isc/atomic.h
ntp-4.2.8p13/lib/isc/x86_32/include/
ntp-4.2.8p13/lib/isc/x86_32/include/isc/
ntp-4.2.8p13/lib/isc/x86_32/include/isc/atomic.h
ntp-4.2.8p13/lib/isc/win32/include/
ntp-4.2.8p13/lib/isc/win32/errno2result.c
ntp-4.2.8p13/lib/isc/win32/DLLMain.c
ntp-4.2.8p13/lib/isc/win32/app.c
ntp-4.2.8p13/lib/isc/win32/condition.c
ntp-4.2.8p13/lib/isc/win32/dir.c
ntp-4.2.8p13/lib/isc/win32/entropy.c
ntp-4.2.8p13/lib/isc/win32/errno2result.h
ntp-4.2.8p13/lib/isc/win32/file.c
ntp-4.2.8p13/lib/isc/win32/fsaccess.c
ntp-4.2.8p13/lib/isc/win32/interfaceiter.c
ntp-4.2.8p13/lib/isc/win32/ipv6.c
ntp-4.2.8p13/lib/isc/win32/keyboard.c
ntp-4.2.8p13/lib/isc/win32/libgen.h
ntp-4.2.8p13/lib/isc/win32/libisc.def
ntp-4.2.8p13/lib/isc/win32/libisc.dsp
ntp-4.2.8p13/lib/isc/win32/libisc.dsw
ntp-4.2.8p13/lib/isc/win32/libisc.mak
ntp-4.2.8p13/lib/isc/win32/net.c
ntp-4.2.8p13/lib/isc/win32/netdb.h
ntp-4.2.8p13/lib/isc/win32/ntgroups.c
ntp-4.2.8p13/lib/isc/win32/ntpaths.c
ntp-4.2.8p13/lib/isc/win32/once.c
ntp-4.2.8p13/lib/isc/win32/os.c
ntp-4.2.8p13/lib/isc/win32/resource.c
ntp-4.2.8p13/lib/isc/win32/socket.c
ntp-4.2.8p13/lib/isc/win32/stdio.c
ntp-4.2.8p13/lib/isc/win32/stdtime.c
ntp-4.2.8p13/lib/isc/win32/strerror.c
ntp-4.2.8p13/lib/isc/win32/syslog.c
ntp-4.2.8p13/lib/isc/win32/syslog.h
ntp-4.2.8p13/lib/isc/win32/thread.c
ntp-4.2.8p13/lib/isc/win32/time.c
ntp-4.2.8p13/lib/isc/win32/unistd.h
ntp-4.2.8p13/lib/isc/win32/version.c
ntp-4.2.8p13/lib/isc/win32/win32os.c
ntp-4.2.8p13/lib/isc/win32/include/isc/
ntp-4.2.8p13/lib/isc/win32/include/isc/bind_registry.h
ntp-4.2.8p13/lib/isc/win32/include/isc/bindevt.h
ntp-4.2.8p13/lib/isc/win32/include/isc/condition.h
ntp-4.2.8p13/lib/isc/win32/include/isc/dir.h
ntp-4.2.8p13/lib/isc/win32/include/isc/int.h
ntp-4.2.8p13/lib/isc/win32/include/isc/ipv6.h
ntp-4.2.8p13/lib/isc/win32/include/isc/keyboard.h
ntp-4.2.8p13/lib/isc/win32/include/isc/mutex.h
ntp-4.2.8p13/lib/isc/win32/include/isc/net.h
ntp-4.2.8p13/lib/isc/win32/include/isc/netdb.h
ntp-4.2.8p13/lib/isc/win32/include/isc/ntgroups.h
ntp-4.2.8p13/lib/isc/win32/include/isc/ntpaths.h
ntp-4.2.8p13/lib/isc/win32/include/isc/offset.h
ntp-4.2.8p13/lib/isc/win32/include/isc/once.h
ntp-4.2.8p13/lib/isc/win32/include/isc/platform.h
ntp-4.2.8p13/lib/isc/win32/include/isc/stat.h
ntp-4.2.8p13/lib/isc/win32/include/isc/stdtime.h
ntp-4.2.8p13/lib/isc/win32/include/isc/strerror.h
ntp-4.2.8p13/lib/isc/win32/include/isc/syslog.h
ntp-4.2.8p13/lib/isc/win32/include/isc/thread.h
ntp-4.2.8p13/lib/isc/win32/include/isc/time.h
ntp-4.2.8p13/lib/isc/win32/include/isc/win32os.h
ntp-4.2.8p13/lib/isc/unix/include/
ntp-4.2.8p13/lib/isc/unix/entropy.c
ntp-4.2.8p13/lib/isc/unix/app.c
ntp-4.2.8p13/lib/isc/unix/dir.c
ntp-4.2.8p13/lib/isc/unix/ifiter_getifaddrs.c
ntp-4.2.8p13/lib/isc/unix/errno2result.c
ntp-4.2.8p13/lib/isc/unix/errno2result.h
ntp-4.2.8p13/lib/isc/unix/file.c
ntp-4.2.8p13/lib/isc/unix/fsaccess.c
ntp-4.2.8p13/lib/isc/unix/ifiter_ioctl.c
ntp-4.2.8p13/lib/isc/unix/ifiter_sysctl.c
ntp-4.2.8p13/lib/isc/unix/interfaceiter.c
ntp-4.2.8p13/lib/isc/unix/ipv6.c
ntp-4.2.8p13/lib/isc/unix/keyboard.c
ntp-4.2.8p13/lib/isc/unix/net.c
ntp-4.2.8p13/lib/isc/unix/os.c
ntp-4.2.8p13/lib/isc/unix/resource.c
ntp-4.2.8p13/lib/isc/unix/socket.c
ntp-4.2.8p13/lib/isc/unix/socket_p.h
ntp-4.2.8p13/lib/isc/unix/stdio.c
ntp-4.2.8p13/lib/isc/unix/stdtime.c
ntp-4.2.8p13/lib/isc/unix/strerror.c
ntp-4.2.8p13/lib/isc/unix/syslog.c
ntp-4.2.8p13/lib/isc/unix/time.c
ntp-4.2.8p13/lib/isc/unix/include/isc/
ntp-4.2.8p13/lib/isc/unix/include/isc/keyboard.h
ntp-4.2.8p13/lib/isc/unix/include/isc/dir.h
ntp-4.2.8p13/lib/isc/unix/include/isc/int.h
ntp-4.2.8p13/lib/isc/unix/include/isc/offset.h
ntp-4.2.8p13/lib/isc/unix/include/isc/net.h
ntp-4.2.8p13/lib/isc/unix/include/isc/netdb.h
ntp-4.2.8p13/lib/isc/unix/include/isc/stdtime.h
ntp-4.2.8p13/lib/isc/unix/include/isc/stat.h
ntp-4.2.8p13/lib/isc/unix/include/isc/strerror.h
ntp-4.2.8p13/lib/isc/unix/include/isc/syslog.h
ntp-4.2.8p13/lib/isc/unix/include/isc/time.h
ntp-4.2.8p13/lib/isc/tests/hash_test.c
ntp-4.2.8p13/lib/isc/tests/Atffile
ntp-4.2.8p13/lib/isc/tests/queue_test.c
ntp-4.2.8p13/lib/isc/tests/isctest.c
ntp-4.2.8p13/lib/isc/tests/isctest.h
ntp-4.2.8p13/lib/isc/tests/socket_test.c
ntp-4.2.8p13/lib/isc/tests/symtab_test.c
ntp-4.2.8p13/lib/isc/tests/task_test.c
ntp-4.2.8p13/lib/isc/tests/taskpool_test.c
ntp-4.2.8p13/lib/isc/sparc64/include/
ntp-4.2.8p13/lib/isc/sparc64/include/isc/
ntp-4.2.8p13/lib/isc/sparc64/include/isc/atomic.h
ntp-4.2.8p13/lib/isc/pthreads/include/
ntp-4.2.8p13/lib/isc/pthreads/condition.c
ntp-4.2.8p13/lib/isc/pthreads/mutex.c
ntp-4.2.8p13/lib/isc/pthreads/thread.c
ntp-4.2.8p13/lib/isc/pthreads/include/isc/
ntp-4.2.8p13/lib/isc/pthreads/include/isc/condition.h
ntp-4.2.8p13/lib/isc/pthreads/include/isc/mutex.h
ntp-4.2.8p13/lib/isc/pthreads/include/isc/once.h
ntp-4.2.8p13/lib/isc/pthreads/include/isc/thread.h
ntp-4.2.8p13/lib/isc/powerpc/include/
ntp-4.2.8p13/lib/isc/powerpc/include/isc/
ntp-4.2.8p13/lib/isc/powerpc/include/isc/atomic.h
ntp-4.2.8p13/lib/isc/nothreads/include/
ntp-4.2.8p13/lib/isc/nothreads/condition.c
ntp-4.2.8p13/lib/isc/nothreads/mutex.c
ntp-4.2.8p13/lib/isc/nothreads/thread.c
ntp-4.2.8p13/lib/isc/nothreads/include/isc/
ntp-4.2.8p13/lib/isc/nothreads/include/isc/condition.h
ntp-4.2.8p13/lib/isc/nothreads/include/isc/mutex.h
ntp-4.2.8p13/lib/isc/nothreads/include/isc/once.h
ntp-4.2.8p13/lib/isc/nothreads/include/isc/thread.h
ntp-4.2.8p13/lib/isc/noatomic/include/
ntp-4.2.8p13/lib/isc/noatomic/include/isc/
ntp-4.2.8p13/lib/isc/noatomic/include/isc/atomic.h
ntp-4.2.8p13/lib/isc/nls/msgcat.c
ntp-4.2.8p13/lib/isc/mips/include/
ntp-4.2.8p13/lib/isc/mips/include/isc/
ntp-4.2.8p13/lib/isc/mips/include/isc/atomic.h
ntp-4.2.8p13/lib/isc/include/isc/
ntp-4.2.8p13/lib/isc/include/isc/assertions.h
ntp-4.2.8p13/lib/isc/include/isc/app.h
ntp-4.2.8p13/lib/isc/include/isc/bufferlist.h
ntp-4.2.8p13/lib/isc/include/isc/backtrace.h
ntp-4.2.8p13/lib/isc/include/isc/base32.h
ntp-4.2.8p13/lib/isc/include/isc/base64.h
ntp-4.2.8p13/lib/isc/include/isc/bind9.h
ntp-4.2.8p13/lib/isc/include/isc/bitstring.h
ntp-4.2.8p13/lib/isc/include/isc/boolean.h
ntp-4.2.8p13/lib/isc/include/isc/buffer.h
ntp-4.2.8p13/lib/isc/include/isc/interfaceiter.h
ntp-4.2.8p13/lib/isc/include/isc/commandline.h
ntp-4.2.8p13/lib/isc/include/isc/entropy.h
ntp-4.2.8p13/lib/isc/include/isc/error.h
ntp-4.2.8p13/lib/isc/include/isc/event.h
ntp-4.2.8p13/lib/isc/include/isc/eventclass.h
ntp-4.2.8p13/lib/isc/include/isc/file.h
ntp-4.2.8p13/lib/isc/include/isc/formatcheck.h
ntp-4.2.8p13/lib/isc/include/isc/fsaccess.h
ntp-4.2.8p13/lib/isc/include/isc/hash.h
ntp-4.2.8p13/lib/isc/include/isc/heap.h
ntp-4.2.8p13/lib/isc/include/isc/hex.h
ntp-4.2.8p13/lib/isc/include/isc/hmacmd5.h
ntp-4.2.8p13/lib/isc/include/isc/hmacsha.h
ntp-4.2.8p13/lib/isc/include/isc/httpd.h
ntp-4.2.8p13/lib/isc/include/isc/iterated_hash.h
ntp-4.2.8p13/lib/isc/include/isc/ipv6.h
ntp-4.2.8p13/lib/isc/include/isc/msgcat.h
ntp-4.2.8p13/lib/isc/include/isc/lang.h
ntp-4.2.8p13/lib/isc/include/isc/lex.h
ntp-4.2.8p13/lib/isc/include/isc/lfsr.h
ntp-4.2.8p13/lib/isc/include/isc/lib.h
ntp-4.2.8p13/lib/isc/include/isc/list.h
ntp-4.2.8p13/lib/isc/include/isc/log.h
ntp-4.2.8p13/lib/isc/include/isc/magic.h
ntp-4.2.8p13/lib/isc/include/isc/md5.h
ntp-4.2.8p13/lib/isc/include/isc/mem.h
ntp-4.2.8p13/lib/isc/include/isc/mutexblock.h
ntp-4.2.8p13/lib/isc/include/isc/msgs.h
ntp-4.2.8p13/lib/isc/include/isc/platform.h.in
ntp-4.2.8p13/lib/isc/include/isc/namespace.h
ntp-4.2.8p13/lib/isc/include/isc/netaddr.h
ntp-4.2.8p13/lib/isc/include/isc/netscope.h
ntp-4.2.8p13/lib/isc/include/isc/ondestroy.h
ntp-4.2.8p13/lib/isc/include/isc/os.h
ntp-4.2.8p13/lib/isc/include/isc/parseint.h
ntp-4.2.8p13/lib/isc/include/isc/platform.h
ntp-4.2.8p13/lib/isc/include/isc/random.h
ntp-4.2.8p13/lib/isc/include/isc/portset.h
ntp-4.2.8p13/lib/isc/include/isc/print.h
ntp-4.2.8p13/lib/isc/include/isc/queue.h
ntp-4.2.8p13/lib/isc/include/isc/quota.h
ntp-4.2.8p13/lib/isc/include/isc/radix.h
ntp-4.2.8p13/lib/isc/include/isc/ratelimiter.h
ntp-4.2.8p13/lib/isc/include/isc/refcount.h
ntp-4.2.8p13/lib/isc/include/isc/region.h
ntp-4.2.8p13/lib/isc/include/isc/resource.h
ntp-4.2.8p13/lib/isc/include/isc/result.h
ntp-4.2.8p13/lib/isc/include/isc/resultclass.h
ntp-4.2.8p13/lib/isc/include/isc/rwlock.h
ntp-4.2.8p13/lib/isc/include/isc/serial.h
ntp-4.2.8p13/lib/isc/include/isc/sha1.h
ntp-4.2.8p13/lib/isc/include/isc/sha2.h
ntp-4.2.8p13/lib/isc/include/isc/sockaddr.h
ntp-4.2.8p13/lib/isc/include/isc/socket.h
ntp-4.2.8p13/lib/isc/include/isc/stats.h
ntp-4.2.8p13/lib/isc/include/isc/stdio.h
ntp-4.2.8p13/lib/isc/include/isc/stdlib.h
ntp-4.2.8p13/lib/isc/include/isc/string.h
ntp-4.2.8p13/lib/isc/include/isc/symtab.h
ntp-4.2.8p13/lib/isc/include/isc/task.h
ntp-4.2.8p13/lib/isc/include/isc/taskpool.h
ntp-4.2.8p13/lib/isc/include/isc/timer.h
ntp-4.2.8p13/lib/isc/include/isc/types.h
ntp-4.2.8p13/lib/isc/include/isc/util.h
ntp-4.2.8p13/lib/isc/include/isc/version.h
ntp-4.2.8p13/lib/isc/include/isc/xml.h
ntp-4.2.8p13/lib/isc/ia64/include/
ntp-4.2.8p13/lib/isc/ia64/include/isc/
ntp-4.2.8p13/lib/isc/ia64/include/isc/atomic.h
ntp-4.2.8p13/lib/isc/alpha/include/
ntp-4.2.8p13/lib/isc/alpha/include/isc/
ntp-4.2.8p13/lib/isc/alpha/include/isc/atomic.h
checking for a BSD-compatible install... /usr/bin/install -c
checking whether build environment is sane... yes
checking for a thread-safe mkdir -p... /usr/bin/mkdir -p
checking for gawk... gawk
checking whether make sets $(MAKE)... yes
checking whether make supports nested variables... yes
checking whether make supports nested variables... (cached) yes
checking build system type... x86_64-unknown-linux-gnu
checking host system type... x86_64-unknown-linux-gnu
checking for style of include used by make... GNU
checking for cc... cc
checking whether the C compiler works... yes
checking for C compiler default output file name... a.out
checking for suffix of executables... 
checking whether we are cross compiling... no
checking for suffix of object files... o
checking whether we are using the GNU C compiler... yes
checking whether cc accepts -g... yes
checking for cc option to accept ISO C89... none needed
checking whether cc understands -c and -o together... yes
checking dependency style of cc... gcc3
checking how to run the C preprocessor... cc -E
checking for grep that handles long lines and -e... /usr/bin/grep
checking for egrep... /usr/bin/grep -E
checking for ANSI C header files... yes
checking for sys/types.h... yes
checking for sys/stat.h... yes
checking for stdlib.h... yes
checking for string.h... yes
checking for memory.h... yes
checking for strings.h... yes
checking for inttypes.h... yes
checking for stdint.h... yes
checking for unistd.h... yes
checking minix/config.h usability... no
checking minix/config.h presence... no
checking for minix/config.h... no
checking whether it is safe to define __EXTENSIONS__... yes
checking for cc option to accept ISO C99... none needed
checking for cc option to accept ISO Standard C... (cached) none needed
checking whether cc needs -traditional... no
checking if cc can handle #warning... yes
checking if cc supports __attribute__((...))... yes
checking if cc can handle -Wstrict-overflow... yes
checking if cc can handle -Winit-self... yes
checking if linker supports omitting unused code and data... yes
checking additional compiler flags... none needed
checking additional linker flags... none needed
checking whether byte ordering is bigendian... no
checking for working volatile... yes
checking how to run the C preprocessor... cc -E
checking for bison... bison -y
checking for cc option to accept ISO C99... (cached) none needed
checking whether the compiler supports C99 structure initialization... yes
checking for compile/link hardening flags... in file harden/linux
checking to see if we need ylwrap VPATH hack... no
checking for install dir and man conventions... in file loc/legacy
checking for ar... ar
checking the archiver (ar) interface... ar
checking how to print strings... printf
checking for a sed that does not truncate output... /usr/bin/sed
checking for fgrep... /usr/bin/grep -F
checking for ld used by cc... /usr/x86_64-suse-linux/bin/ld
checking if the linker (/usr/x86_64-suse-linux/bin/ld) is GNU ld... yes
checking for BSD- or MS-compatible name lister (nm)... /usr/bin/nm -B
checking the name lister (/usr/bin/nm -B) interface... BSD nm
checking whether ln -s works... yes
checking the maximum length of command line arguments... 1572864
checking how to convert x86_64-unknown-linux-gnu file names to x86_64-unknown-linux-gnu format... func_convert_file_noop
checking how to convert x86_64-unknown-linux-gnu file names to toolchain format... func_convert_file_noop
checking for /usr/x86_64-suse-linux/bin/ld option to reload object files... -r
checking for objdump... objdump
checking how to recognize dependent libraries... pass_all
checking for dlltool... no
checking how to associate runtime and link libraries... printf %s\n
checking for archiver @FILE support... @
checking for strip... strip
checking for ranlib... ranlib
checking command to parse /usr/bin/nm -B output from cc object... ok
checking for sysroot... no
checking for a working dd... /usr/bin/dd
checking how to truncate binary pipes... /usr/bin/dd bs=4096 count=1
checking for mt... mt
checking if mt is a manifest tool... no
checking for dlfcn.h... yes
checking for objdir... .libs
checking if cc supports -fno-rtti -fno-exceptions... no
checking for cc option to produce PIC... -fPIC -DPIC
checking if cc PIC flag -fPIC -DPIC works... yes
checking if cc static flag -static works... no
checking if cc supports -c -o file.o... yes
checking if cc supports -c -o file.o... (cached) yes
checking whether the cc linker (/usr/x86_64-suse-linux/bin/ld -m elf_x86_64) supports shared libraries... yes
checking dynamic linker characteristics... GNU/Linux ld.so
checking how to hardcode library paths into programs... immediate
checking whether stripping libraries is possible... yes
checking if libtool supports shared libraries... yes
checking whether to build shared libraries... no
checking whether to build static libraries... yes
checking for pid_t... yes
checking for dirent.h that defines DIR... yes
checking for library containing opendir... none required
checking sys/mman.h usability... yes
checking sys/mman.h presence... yes
checking for sys/mman.h... yes
checking sys/param.h usability... yes
checking sys/param.h presence... yes
checking for sys/param.h... yes
checking sys/poll.h usability... yes
checking sys/poll.h presence... yes
checking for sys/poll.h... yes
checking sys/procset.h usability... no
checking sys/procset.h presence... no
checking for sys/procset.h... no
checking sys/select.h usability... yes
checking sys/select.h presence... yes
checking for sys/select.h... yes
checking sys/socket.h usability... yes
checking sys/socket.h presence... yes
checking for sys/socket.h... yes
checking sys/stropts.h usability... no
checking sys/stropts.h presence... no
checking for sys/stropts.h... no
checking sys/time.h usability... yes
checking sys/time.h presence... yes
checking for sys/time.h... yes
checking sys/un.h usability... yes
checking sys/un.h presence... yes
checking for sys/un.h... yes
checking sys/wait.h usability... yes
checking sys/wait.h presence... yes
checking for sys/wait.h... yes
checking for dlfcn.h... (cached) yes
checking errno.h usability... yes
checking errno.h presence... yes
checking for errno.h... yes
checking fcntl.h usability... yes
checking fcntl.h presence... yes
checking for fcntl.h... yes
checking libgen.h usability... yes
checking libgen.h presence... yes
checking for libgen.h... yes
checking libintl.h usability... yes
checking libintl.h presence... yes
checking for libintl.h... yes
checking for memory.h... (cached) yes
checking netinet/in.h usability... yes
checking netinet/in.h presence... yes
checking for netinet/in.h... yes
checking setjmp.h usability... yes
checking setjmp.h presence... yes
checking for setjmp.h... yes
checking stdbool.h usability... yes
checking stdbool.h presence... yes
checking for stdbool.h... yes
checking sysexits.h usability... yes
checking sysexits.h presence... yes
checking for sysexits.h... yes
checking for unistd.h... (cached) yes
checking utime.h usability... yes
checking utime.h presence... yes
checking for utime.h... yes
checking stdarg.h usability... yes
checking stdarg.h presence... yes
checking for stdarg.h... yes
checking for string.h... (cached) yes
checking limits.h usability... yes
checking limits.h presence... yes
checking for limits.h... yes
checking for inttypes.h... (cached) yes
checking for working stdnoreturn.h... yes
checking for runetype.h... no
checking for wchar.h... yes
checking for wchar_t... yes
checking for wint_t... yes
checking for int8_t... yes
checking for uint8_t... yes
checking for int16_t... yes
checking for uint16_t... yes
checking for int32_t... yes
checking for uint32_t... yes
checking for intptr_t... yes
checking for uintptr_t... yes
checking for uint_t... no
checking for pid_t... (cached) yes
checking for size_t... yes
checking for ptrdiff_t... yes
checking size of char *... 8
checking size of int... 4
checking size of long... 8
checking size of short... 2
checking for pathfind in -lgen... no
checking for gettext in -lintl... no
checking for vprintf... yes
checking for _doprnt... no
checking vfork.h usability... no
checking vfork.h presence... no
checking for vfork.h... no
checking for fork... yes
checking for vfork... yes
checking for working fork... yes
checking for working vfork... (cached) yes
checking for mmap... yes
checking for canonicalize_file_name... yes
checking for snprintf... yes
checking for strdup... yes
checking for strchr... yes
checking for strrchr... yes
checking for strsignal... yes
checking for fchmod... yes
checking for fstat... yes
checking for chmod... yes
checking for a sed that does not truncate output... (cached) /usr/bin/sed
configure: Using supplied libopts tearoff
checking for pkg-config... /usr/bin/pkg-config
checking if pkg-config is at least version 0.15.0... yes
checking if libevent 2 or later is installed... Package libevent_pthreads was not found in the pkg-config search path.
Perhaps you should add the directory containing `libevent_pthreads.pc'
to the PKG_CONFIG_PATH environment variable
No package 'libevent_pthreads' found
no
configure: Using libevent tearoff
checking for size_t... (cached) yes
checking for stdarg.h... (cached) yes
checking for unsigned long long int... yes
checking for vsnprintf... yes
checking whether vsnprintf is C99 compliant... yes
checking if C99-snprintf replacement vsnprintf will be used... no
checking for snprintf... (cached) yes
checking whether snprintf is C99 compliant... yes
checking if C99-snprintf replacement snprintf will be used... no
checking for ld used by cc... (cached) /usr/x86_64-suse-linux/bin/ld
checking if the linker (/usr/x86_64-suse-linux/bin/ld) is GNU ld... (cached) yes
checking for directory path separator... '/'
checking line editing libraries... edit,editline
checking for readline() with -ledit... no
checking for readline() with -ledit -ltermcap... no
checking for el_gets() with -ledit -ltermcap... no
checking for readline() with -ledit -lcurses... no
checking for el_gets() with -ledit -lcurses... no
checking for readline() with -ledit -lncurses... no
checking for el_gets() with -ledit -lncurses... no
checking for readline() with -leditline... no
checking for readline() with -leditline -ltermcap... no
checking for el_gets() with -leditline -ltermcap... no
checking for readline() with -leditline -lcurses... no
checking for el_gets() with -leditline -lcurses... no
checking for readline() with -leditline -lncurses... no
checking for el_gets() with -leditline -lncurses... no
checking for library containing cos... -lm
checking for vfork.h... (cached) no
checking for fork... (cached) yes
checking for vfork... (cached) yes
checking for working fork... (cached) yes
checking for working vfork... (cached) yes
checking for working alloca.h... yes
checking for alloca... yes
checking whether strerror_r is declared... yes
checking for strerror_r... yes
checking whether strerror_r returns char *... yes
checking for library containing clock_gettime... none required
checking for clock_getres... yes
checking for clock_gettime... yes
checking for clock_settime... yes
checking for getclock... no
checking for stime... no
checking for timegm... yes
checking for strlcpy... yes
checking for strlcat... yes
checking for library containing snprintb... no
checking for errno.h... (cached) yes
checking for sys/socket.h... (cached) yes
checking for sys/types.h... (cached) yes
checking time.h usability... yes
checking time.h presence... yes
checking for time.h... yes
checking for net/if.h... yes
checking for linux/if_addr.h... yes
checking arpa/nameser.h usability... yes
checking arpa/nameser.h presence... yes
checking for arpa/nameser.h... yes
checking for sys/param.h... (cached) yes
checking for sys/time.h... (cached) yes
checking sys/timers.h usability... no
checking sys/timers.h presence... no
checking for sys/timers.h... no
checking for sys/sysctl.h... no
checking netinet/in_system.h usability... no
checking netinet/in_system.h presence... no
checking for netinet/in_system.h... no
checking netinet/in_systm.h usability... yes
checking netinet/in_systm.h presence... yes
checking for netinet/in_systm.h... yes
checking for netinet/in.h... (cached) yes
checking for resolv.h... yes
checking for net/if_var.h... no
checking for netinet/ip.h... yes
checking for netinet/in_var.h... no
checking for library containing inet_pton... none required
checking for library containing inet_ntop... none required
checking for library containing setsockopt... none required
checking for recvmsg... yes
checking for inline... inline
checking whether time.h and sys/time.h may both be included... yes
checking size of time_t... 8
checking whether char is unsigned... no
checking size of signed char... 1
checking for s_char... no
checking for long long... yes
checking size of short... (cached) 2
checking size of int... (cached) 4
checking size of long... (cached) 8
checking size of long long... 8
checking for uid_t in sys/types.h... yes
checking if we're including debugging code... yes
checking semaphore.h usability... yes
checking semaphore.h presence... yes
checking for semaphore.h... yes
checking for socketpair... yes
checking for _beginthread... no
checking pthread.h usability... yes
checking pthread.h presence... yes
checking for pthread.h... yes
checking POSIX thread version... 10
checking for LinuxThreads pthread.h... no
checking for GNU Pth pthread.h... no
checking sched.h usability... yes
checking sched.h presence... yes
checking for sched.h... yes
checking for pthread_create in default libraries... yes
configure: ol_link_threads: <posix> ol_link_pthreads <>
checking for sched_yield... yes
checking for pthread_yield... no
checking for thr_yield... no
checking for pthread_kill... yes
checking for pthread_rwlock_destroy with <pthread.h>... yes
checking for pthread_detach with <pthread.h>... yes
checking for pthread_setconcurrency... yes
checking for pthread_getconcurrency... yes
checking for thr_setconcurrency... no
checking for thr_getconcurrency... no
checking for pthread_kill_other_threads_np... no
checking for LinuxThreads implementation... no
checking for LinuxThreads consistency... no
checking if pthread_create() works... yes
checking if select yields when using pthreads... yes
checking for thread specific errno... yes
checking for thread specific h_errno... yes
checking for sem_timedwait... yes
checking size of pthread_t... 8
checking for sigwait... yes
checking for pthread_attr_getstacksize... yes
checking for pthread_attr_setstacksize... yes
checking for sysconf... yes
checking if vsnprintf expands "%m" to strerror(errno)... yes
checking sys/clockctl.h usability... no
checking sys/clockctl.h presence... no
checking for sys/clockctl.h... no
checking if we should use /dev/clockctl... no
checking sys/capability.h usability... no
checking sys/capability.h presence... no
checking for sys/capability.h... no
checking sys/prctl.h usability... yes
checking sys/prctl.h presence... yes
checking for sys/prctl.h... yes
checking if we have linux capabilities (libcap)... no
checking priv.h usability... no
checking priv.h presence... no
checking for priv.h... no
checking if we have solaris privileges... no
checking sys/mac.h usability... no
checking sys/mac.h presence... no
checking for sys/mac.h... no
checking if we should use TrustedBSD MAC privileges... no
checking for library containing res_init... no
checking for sys/types.h... (cached) yes
checking for netinet/in.h... (cached) yes
checking for arpa/nameser.h... (cached) yes
checking for netdb.h... yes
checking for resolv.h... (cached) yes
checking for res_init... no
checking for __res_init... yes
checking for inet_ntop... yes
checking for inet_pton... yes
checking for uintptr_t... (cached) yes
checking for int32... no
checking for u_int32... no
checking for int32 with DNS headers included... no
checking for u_int32 with DNS headers included... no
checking for sys/timepps.h... yes
checking for struct timespec... yes
checking for struct ntptimeval... yes
checking for md5.h... no
checking for library containing MD5Init... no
checking for MD5Init... no
checking for sysconf... (cached) yes
checking for getdtablesize... yes
checking for sigaction... yes
checking for sigset... yes
checking for sigvec... no
checking for SIGIO... yes
checking if we want to use SIGIO... Possible for x86_64-unknown-linux-gnu but disabled because of reported problems
checking for SIGPOLL... yes
checking if we can use SIGPOLL for UDP I/O... no
checking if we can use SIGPOLL for TTY I/O... no
checking number of arguments to gettimeofday()... 2
checking for settimeofday... yes
checking if we'll use clock_settime or settimeofday or stime... clock_settime()
checking for deprecated --with-arlib... no
checking for gawk... (cached) gawk
checking whether make sets $(MAKE)... (cached) yes
checking whether ln -s works... yes
checking for library containing strerror... none required
checking for perl... /usr/bin/perl
checking for test... /usr/bin/test
checking for net-snmp-config... /usr/bin/net-snmp-config
checking for net-snmp-config path... /usr/bin/net-snmp-config
checking for net-snmp version... 5.9.4.pre2
checking for library containing openlog... none required
checking if we want to use libseccomp sandboxing (EXPERIMENTAL)... no
checking for facilitynames in syslog.h... yes
checking bstring.h usability... no
checking bstring.h presence... no
checking for bstring.h... no
checking dns_sd.h usability... no
checking dns_sd.h presence... no
checking for dns_sd.h... no
checking for fcntl.h... (cached) yes
checking fnmatch.h usability... yes
checking fnmatch.h presence... yes
checking for fnmatch.h... yes
checking ieeefp.h usability... no
checking ieeefp.h presence... no
checking for ieeefp.h... no
checking for inttypes.h... (cached) yes
checking kvm.h usability... no
checking kvm.h presence... no
checking for kvm.h... no
checking math.h usability... yes
checking math.h presence... yes
checking for math.h... yes
checking for memory.h... (cached) yes
checking for netdb.h... (cached) yes
checking poll.h usability... yes
checking poll.h presence... yes
checking for poll.h... yes
checking sgtty.h usability... yes
checking sgtty.h presence... yes
checking for sgtty.h... yes
checking stdatomic.h usability... yes
checking stdatomic.h presence... yes
checking for stdatomic.h... yes
checking for stdbool.h that conforms to C99... (cached) yes
checking for _Bool... yes
checking for stdlib.h... (cached) yes
checking for string.h... (cached) yes
checking termio.h usability... yes
checking termio.h presence... yes
checking for termio.h... yes
checking termios.h usability... yes
checking termios.h presence... yes
checking for termios.h... yes
checking timepps.h usability... yes
checking timepps.h presence... yes
checking for timepps.h... yes
checking timex.h usability... no
checking timex.h presence... no
checking for timex.h... no
checking for unistd.h... (cached) yes
checking utmp.h usability... yes
checking utmp.h presence... yes
checking for utmp.h... yes
checking utmpx.h usability... yes
checking utmpx.h presence... yes
checking for utmpx.h... yes
checking net/if6.h usability... no
checking net/if6.h presence... no
checking for net/if6.h... no
checking for net/route.h... yes
checking netinfo/ni.h usability... no
checking netinfo/ni.h presence... no
checking for netinfo/ni.h... no
checking sun/audioio.h usability... no
checking sun/audioio.h presence... no
checking for sun/audioio.h... no
checking sys/audioio.h usability... no
checking sys/audioio.h presence... no
checking for sys/audioio.h... no
checking sys/file.h usability... yes
checking sys/file.h presence... yes
checking for sys/file.h... yes
checking sys/ioctl.h usability... yes
checking sys/ioctl.h presence... yes
checking for sys/ioctl.h... yes
checking sys/ipc.h usability... yes
checking sys/ipc.h presence... yes
checking for sys/ipc.h... yes
checking sys/lock.h usability... no
checking sys/lock.h presence... no
checking for sys/lock.h... no
checking for sys/mman.h... (cached) yes
checking sys/modem.h usability... no
checking sys/modem.h presence... no
checking for sys/modem.h... no
checking sys/ppsclock.h usability... no
checking sys/ppsclock.h presence... no
checking for sys/ppsclock.h... no
checking sys/ppstime.h usability... no
checking sys/ppstime.h presence... no
checking for sys/ppstime.h... no
checking for sched.h... (cached) yes
checking for sys/select.h... (cached) yes
checking sys/signal.h usability... yes
checking sys/signal.h presence... yes
checking for sys/signal.h... yes
checking sys/sockio.h usability... no
checking sys/sockio.h presence... no
checking for sys/sockio.h... no
checking machine/soundcard.h usability... no
checking machine/soundcard.h presence... no
checking for machine/soundcard.h... no
checking sys/soundcard.h usability... yes
checking sys/soundcard.h presence... yes
checking for sys/soundcard.h... yes
checking for sys/stat.h... (cached) yes
checking sys/stream.h usability... no
checking sys/stream.h presence... no
checking for sys/stream.h... no
checking stropts.h usability... no
checking stropts.h presence... no
checking for stropts.h... no
checking for sys/stropts.h... (cached) no
checking sys/syssgi.h usability... no
checking sys/syssgi.h presence... no
checking for sys/syssgi.h... no
checking sys/systune.h usability... no
checking sys/systune.h presence... no
checking for sys/systune.h... no
checking sys/termios.h usability... yes
checking sys/termios.h presence... yes
checking for sys/termios.h... yes
checking sys/tpro.h usability... no
checking sys/tpro.h presence... no
checking for sys/tpro.h... no
checking for sys/wait.h... (cached) yes
checking for waitpid... yes
checking for atomic_thread_fence... no
checking for atomic_thread_fence()... 
checking for ntp_adjtime... yes
checking for ntp_gettime... yes
checking for adjtimex... yes
checking for sys/proc.h... no
checking for sys/resource.h... yes
checking for sys/shm.h... yes
checking for sys/timex.h... yes
checking return type of signal handlers... void
checking for off_t... yes
checking whether struct tm is in sys/time.h or time.h... time.h
checking for a fallback value for HZ... 100
checking if we need to override the system's value for HZ... no
checking for struct rt_msghdr... no
checking for struct rtattr... yes
checking struct sigaction for sa_sigaction... yes
checking for struct ppsclockev... no
checking for struct snd_size... no
checking struct clockinfo for hz... no
checking struct clockinfo for tickadj... (cached) no
checking for struct ntptimeval.time.tv_nsec... no
checking for arc4random_buf... yes
checking for daemon... yes
checking for finite... yes
checking for fnmatch... yes
checking for getbootfile... no
checking for getuid... yes
checking for getrusage... yes
checking for nanosleep... yes
checking for strsignal... (cached) yes
checking for mkstemp... yes
checking for mktime... yes
checking for mlockall... yes
checking for nice... yes
checking for plock... no
checking for pututline... yes
checking for pututxline... yes
checking for readlink... yes
checking for rtprio... no
checking for sched_setscheduler... yes
checking for setlinebuf... yes
checking for setpgid... yes
checking for setpriority... yes
checking for setsid... yes
checking for setvbuf... yes
checking for strdup... (cached) yes
checking for strerror... yes
checking for setrlimit... yes
checking for strchr... (cached) yes
checking for timer_create... yes
checking for RLIMIT_MEMLOCK... yes
checking for RLIMIT_STACK... yes
checking for the default number of 4k stack pages... 50
checking for the default number of megabytes to MEMLOCK... -1
checking for _exit... yes
checking for umask... yes
checking for uname... yes
checking for updwtmp... yes
checking for updwtmpx... yes
checking if we need extra help to define struct iovec... 0
checking number of arguments taken by setpgrp()... 0
checking if we need to declare 'errno'... no
checking if we may declare 'h_errno'... yes
checking if declaring 'syscall()' is ok... 
checking if we will open the broadcast socket... yes
checking if process groups are set with -pid... yes
checking if we need a ctty for F_SETOWN... no
checking if the OS clears cached routes when more specifics become available... no
checking if the wildcard socket needs REUSEADDR to bind other addresses... yes
checking for a minimum recommended value of tickadj... no
checking if the TTY code permits PARENB and IGNPAR... no
checking if we're including processing time debugging code... no
checking for a the number of minutes in a DST adjustment... 60
checking if ntpd will retry permanent DNS failures... no
checking availability of ntp_{adj,get}time()... libc
checking if sys/timex.h has STA_FLL... yes
checking if we have kernel PLL support... yes
checking if SIOCGIFCONF returns buffer size in the buffer... no
checking for TTY PPS ioctl TIOCGPPSEV... no
checking for TTY PPS ioctl TIOCSPPS... no
checking for TTY PPS ioctl CIOGETEV... no
checking linux/serial.h usability... yes
checking linux/serial.h presence... yes
checking for linux/serial.h... yes
checking SHMEM_STATUS support... yes
checking Datum/Bancomm bc635/VME interface... no
checking TrueTime GPS receiver/VME interface... no
checking for PCL720 clock support... no
checking for default inclusion of all suitable non-PARSE clocks... yes
checking if we have support for PARSE clocks... yes
checking if we have support for audio clocks... yes
checking if we have support for the SHM refclock interface... yes
checking for termios modem control... yes
checking ACTS modem service... yes
checking Arbiter 1088A/B GPS receiver... yes
checking Arcron MSF receiver... yes
checking Austron 2200A/2201A GPS receiver... yes
checking ATOM PPS interface... yes
checking Chrono-log K-series WWVB receiver... yes
checking CHU modem/decoder... yes
checking CHU audio/decoder... yes
checking Datum Programmable Time System... yes
checking Dumb generic hh:mm:ss local clock... yes
checking Forum Graphic GPS... yes
checking Heath GC-1000 WWV/WWVH receiver... yes
checking for hopf serial clock device... yes
checking for hopf PCI clock 6039... yes
checking HP 58503A GPS receiver... yes
checking IRIG audio decoder... yes
checking for JJY receiver... yes
checking Rockwell Jupiter GPS receiver... yes
checking Leitch CSD 5300 Master Clock System Driver... yes
checking local clock reference... yes
checking Magnavox MX4200 GPS receiver... no
checking for NeoClock4X receiver... yes
checking NMEA GPS receiver... yes
checking for strtoll... yes
checking for GPSD JSON receiver... yes
checking for ONCORE Motorola VP/UT Oncore GPS... yes
checking for Palisade clock... yes
checking Conrad parallel port radio clock... yes
checking PST/Traconex 1020 WWV/WWVH receiver... yes
checking RIPENCC specific Trimble driver... no
checking for SHM clock attached thru shared memory... yes
checking Spectracom 8170/Netclock/2 WWVB receiver... yes
checking KSI/Odetics TPRO/S GPS receiver/IRIG interface... no
checking Kinemetrics/TrueTime receivers... yes
checking TrueTime 560 IRIG-B decoder... no
checking Ultralink M320 WWVB receiver... yes
checking Spectracom TSYNC PCI timing board... yes
checking WWV receiver... yes
checking for Zyfer receiver... yes
checking for default inclusion of all suitable PARSE clocks... no
checking Diem Computime Radio Clock... no
checking ELV/DCF7000 clock... no
checking HOPF 6021 clock... no
checking Meinberg clocks... no
checking DCF77 raw time code... no
checking RCC 8000 clock... no
checking Schmid DCF77 clock... no
checking Trimble GPS receiver/TAIP protocol... no
checking Trimble GPS receiver/TSIP protocol... no
checking WHARTON 400A Series clock... no
checking VARITEXT clock... no
checking SEL240X clock... no
checking if we need to make and use the parse libraries... no
checking pkg-config for openssl... yes, version 3.1.4
checking if we will use crypto... yes
checking openssl/cmac.h usability... yes
checking openssl/cmac.h presence... yes
checking for openssl/cmac.h... yes
checking openssl/hmac.h usability... yes
checking openssl/hmac.h presence... yes
checking for openssl/hmac.h... yes
checking for EVP_MD_do_all_sorted... yes
checking if we want to enable CMAC support... yes
checking if we want to use OpenSSL's crypto random (if available)... yes
checking for RAND_bytes... yes
checking for RAND_poll... yes
checking if we want to include NTP Autokey protocol support... yes
checking if we want to run check-layout... yes
checking if we can make dcf parse utilities... no
checking if we can build kernel streams modules for parse... no
checking if we need basic refclock support... yes
checking if we want HP-UX adjtimed support... no
checking if we want QNX adjtime support... no
checking if we can read kmem... no
checking if adjtime is accurate... yes
checking the name of 'tick' in the kernel... _tick
checking for the units of 'tick'... usec
checking the name of 'tickadj' in the kernel... _tickadj
checking for the units of 'tickadj'... usec
checking half-heartedly for 'dosynctodr' in the kernel... _dosynctodr
checking half-heartedly for 'noprintf' in the kernel... _noprintf
checking for a default value for 'tick'... txc.tick
checking for a default value for 'tickadj'... 500/hz
checking if we want and can make the ntptime utility... yes
checking if we want and can make the tickadj utility... yes
checking if we want and can make the timetrim utility... no
checking if we want to build the NTPD simulator... no
checking if sntp will be built... yes
checking if we want to build ntpsnmpd... yes
checking net-snmp/net-snmp-config.h usability... yes
checking net-snmp/net-snmp-config.h presence... yes
checking for net-snmp/net-snmp-config.h... yes
checking for netsnmp_daemonize in -lnetsnmp... yes
checking if we should always slew the time... no
checking if we should step and slew the time... no
checking if ntpdate should step the time... no
checking if we should sync TODR clock every hour... no
checking if we should avoid kernel FLL bug... no
checking if we want new session key behavior... yes
checking if we want the explicit 127.0.0.0/8 martian filter... yes
checking if we want correct mode7 fudgetime2 behavior... yes
checking if we should use the IRIG sawtooth filter... no
checking if we should enable NIST lockclock scheme... no
checking if we want support for Samba's signing daemon... no
checking libscf.h usability... no
checking libscf.h presence... no
checking for libscf.h... no
checking for struct sockaddr_storage... yes
checking for sockaddr_storage.__ss_family... no
checking for in_port_t... yes
checking type of socklen arg for getsockname()... socklen_t
checking struct sockaddr for sa_len... no
checking for IPv6 structures... yes
checking for Kame IPv6 support... no
checking for in6_pktinfo... yes
checking for sockaddr_in6.sin6_scope_id... yes
checking for in6addr_any... yes
checking for struct if_laddrconf... no
checking for struct if_laddrreq... no
checking for multicast IP support... yes
checking arg type needed for setsockopt() IP*_MULTICAST_LOOP... u_int
checking for getifaddrs... yes
checking for if_nametoindex... yes
checking for interface list sysctl... no
checking if we want the saveconfig mechanism... yes
checking if we want the experimental leap smear code... no
checking if we want dynamic interleave support... no
checking for ruby... /usr/bin/ruby
checking for gtest-config... no
checking if we want to enable tests with undiagnosed problems... yes
checking if we can run test-ntp_restrict... yes
checking if we can run test-ntp_scanner... yes
checking if we can run test-ntp_signd... yes
checking whether sigsetjmp is declared... yes
checking whether siglongjmp is declared... yes
checking that generated files are newer than configure... done
configure: creating ./config.status
config.status: creating Makefile
config.status: creating adjtimed/Makefile
config.status: creating clockstuff/Makefile
config.status: creating include/Makefile
config.status: creating include/isc/Makefile
config.status: creating kernel/Makefile
config.status: creating kernel/sys/Makefile
config.status: creating libntp/Makefile
config.status: creating libparse/Makefile
config.status: creating ntpd/Makefile
config.status: creating ntpd/complete.conf
config.status: creating ntpdate/Makefile
config.status: creating ntpdc/Makefile
config.status: creating ntpdc/nl.pl
config.status: creating ntpq/Makefile
config.status: creating ntpsnmpd/Makefile
config.status: creating parseutil/Makefile
config.status: creating scripts/Makefile
config.status: creating scripts/build/Makefile
config.status: creating scripts/build/genAuthors
config.status: creating scripts/build/mkver
config.status: creating scripts/calc_tickadj/Makefile
config.status: creating scripts/calc_tickadj/calc_tickadj
config.status: creating scripts/lib/Makefile
config.status: creating scripts/ntp-wait/Makefile
config.status: creating scripts/ntp-wait/ntp-wait
config.status: creating scripts/ntpsweep/Makefile
config.status: creating scripts/ntpsweep/ntpsweep
config.status: creating scripts/ntptrace/Makefile
config.status: creating scripts/ntptrace/ntptrace
config.status: creating scripts/ntpver
config.status: creating scripts/plot_summary
config.status: creating scripts/summary
config.status: creating scripts/update-leap/Makefile
config.status: creating scripts/update-leap/update-leap
config.status: creating tests/Makefile
config.status: creating tests/bug-2803/Makefile
config.status: creating tests/libntp/Makefile
config.status: creating tests/ntpd/Makefile
config.status: creating tests/ntpq/Makefile
config.status: creating tests/sandbox/Makefile
config.status: creating tests/sec-2853/Makefile
config.status: creating util/Makefile
config.status: creating config.h
config.status: executing depfiles commands
config.status: executing libtool commands
=== configuring in sntp (/home/radar/borealis/ntp-4.2.8p13/sntp)
configure: running /bin/sh ./configure --disable-option-checking '--prefix=/usr/local'  '--enable-atom' --cache-file=/dev/null --srcdir=.
checking for a BSD-compatible install... /usr/bin/install -c
checking whether build environment is sane... yes
checking for a thread-safe mkdir -p... /usr/bin/mkdir -p
checking for gawk... gawk
checking whether make sets $(MAKE)... yes
checking whether make supports nested variables... yes
checking whether make supports nested variables... (cached) yes
checking build system type... x86_64-unknown-linux-gnu
checking host system type... x86_64-unknown-linux-gnu
checking for style of include used by make... GNU
checking for cc... cc
checking whether the C compiler works... yes
checking for C compiler default output file name... a.out
checking for suffix of executables... 
checking whether we are cross compiling... no
checking for suffix of object files... o
checking whether we are using the GNU C compiler... yes
checking whether cc accepts -g... yes
checking for cc option to accept ISO C89... none needed
checking whether cc understands -c and -o together... yes
checking dependency style of cc... gcc3
checking how to run the C preprocessor... cc -E
checking for grep that handles long lines and -e... /usr/bin/grep
checking for egrep... /usr/bin/grep -E
checking for ANSI C header files... yes
checking for sys/types.h... yes
checking for sys/stat.h... yes
checking for stdlib.h... yes
checking for string.h... yes
checking for memory.h... yes
checking for strings.h... yes
checking for inttypes.h... yes
checking for stdint.h... yes
checking for unistd.h... yes
checking minix/config.h usability... no
checking minix/config.h presence... no
checking for minix/config.h... no
checking whether it is safe to define __EXTENSIONS__... yes
checking for cc option to accept ISO C99... none needed
checking for cc option to accept ISO Standard C... (cached) none needed
checking whether cc needs -traditional... no
checking if cc can handle #warning... yes
checking if cc supports __attribute__((...))... yes
checking if cc can handle -Wstrict-overflow... yes
checking if cc can handle -Winit-self... yes
checking if linker supports omitting unused code and data... yes
checking additional compiler flags... none needed
checking additional linker flags... none needed
checking whether byte ordering is bigendian... no
checking for working volatile... yes
checking how to run the C preprocessor... cc -E
checking for compile/link hardening flags... in file harden/linux
checking for install dir and man conventions... in file loc/legacy
checking for ar... ar
checking the archiver (ar) interface... ar
checking for a sed that does not truncate output... /usr/bin/sed
checking for fgrep... /usr/bin/grep -F
checking how to print strings... printf
checking for pid_t... yes
checking for size_t... yes
checking for stdarg.h... yes
checking for unsigned long long int... yes
checking for vsnprintf... yes
checking whether vsnprintf is C99 compliant... yes
checking if C99-snprintf replacement vsnprintf will be used... no
checking for snprintf... yes
checking whether snprintf is C99 compliant... yes
checking if C99-snprintf replacement snprintf will be used... no
checking for ld used by cc... /usr/x86_64-suse-linux/bin/ld
checking if the linker (/usr/x86_64-suse-linux/bin/ld) is GNU ld... yes
checking for directory path separator... '/'
checking line editing libraries... edit,editline
checking for readline() with -ledit... no
checking for readline() with -ledit -ltermcap... no
checking for el_gets() with -ledit -ltermcap... no
checking for readline() with -ledit -lcurses... no
checking for el_gets() with -ledit -lcurses... no
checking for readline() with -ledit -lncurses... no
checking for el_gets() with -ledit -lncurses... no
checking for readline() with -leditline... no
checking for readline() with -leditline -ltermcap... no
checking for el_gets() with -leditline -ltermcap... no
checking for readline() with -leditline -lcurses... no
checking for el_gets() with -leditline -lcurses... no
checking for readline() with -leditline -lncurses... no
checking for el_gets() with -leditline -lncurses... no
checking for library containing cos... -lm
checking vfork.h usability... no
checking vfork.h presence... no
checking for vfork.h... no
checking for fork... yes
checking for vfork... yes
checking for working fork... yes
checking for working vfork... (cached) yes
checking for working alloca.h... yes
checking for alloca... yes
checking whether strerror_r is declared... yes
checking for strerror_r... yes
checking whether strerror_r returns char *... yes
checking for library containing clock_gettime... none required
checking for clock_getres... yes
checking for clock_gettime... yes
checking for clock_settime... yes
checking for getclock... no
checking for stime... no
checking for timegm... yes
checking for strlcpy... yes
checking for strlcat... yes
checking for library containing snprintb... no
checking errno.h usability... yes
checking errno.h presence... yes
checking for errno.h... yes
checking sys/socket.h usability... yes
checking sys/socket.h presence... yes
checking for sys/socket.h... yes
checking for sys/types.h... (cached) yes
checking time.h usability... yes
checking time.h presence... yes
checking for time.h... yes
checking for net/if.h... yes
checking for linux/if_addr.h... yes
checking arpa/nameser.h usability... yes
checking arpa/nameser.h presence... yes
checking for arpa/nameser.h... yes
checking sys/param.h usability... yes
checking sys/param.h presence... yes
checking for sys/param.h... yes
checking sys/time.h usability... yes
checking sys/time.h presence... yes
checking for sys/time.h... yes
checking sys/timers.h usability... no
checking sys/timers.h presence... no
checking for sys/timers.h... no
checking for sys/sysctl.h... no
checking netinet/in_system.h usability... no
checking netinet/in_system.h presence... no
checking for netinet/in_system.h... no
checking netinet/in_systm.h usability... yes
checking netinet/in_systm.h presence... yes
checking for netinet/in_systm.h... yes
checking netinet/in.h usability... yes
checking netinet/in.h presence... yes
checking for netinet/in.h... yes
checking for resolv.h... yes
checking for net/if_var.h... no
checking for netinet/ip.h... yes
checking for netinet/in_var.h... no
checking for library containing inet_pton... none required
checking for library containing inet_ntop... none required
checking for library containing setsockopt... none required
checking for recvmsg... yes
checking for inline... inline
checking whether time.h and sys/time.h may both be included... yes
checking size of time_t... 8
checking whether char is unsigned... no
checking size of signed char... 1
checking for s_char... no
checking for long long... yes
checking size of short... 2
checking size of int... 4
checking size of long... 8
checking size of long long... 8
checking for uid_t in sys/types.h... yes
checking if we're including debugging code... yes
checking semaphore.h usability... yes
checking semaphore.h presence... yes
checking for semaphore.h... yes
checking for socketpair... yes
checking for _beginthread... no
checking pthread.h usability... yes
checking pthread.h presence... yes
checking for pthread.h... yes
checking POSIX thread version... 10
checking for LinuxThreads pthread.h... no
checking for GNU Pth pthread.h... no
checking sched.h usability... yes
checking sched.h presence... yes
checking for sched.h... yes
checking for pthread_create in default libraries... yes
configure: ol_link_threads: <posix> ol_link_pthreads <>
checking for sched_yield... yes
checking for pthread_yield... no
checking for thr_yield... no
checking for pthread_kill... yes
checking for pthread_rwlock_destroy with <pthread.h>... yes
checking for pthread_detach with <pthread.h>... yes
checking for pthread_setconcurrency... yes
checking for pthread_getconcurrency... yes
checking for thr_setconcurrency... no
checking for thr_getconcurrency... no
checking for pthread_kill_other_threads_np... no
checking for LinuxThreads implementation... no
checking for LinuxThreads consistency... no
checking if pthread_create() works... yes
checking if select yields when using pthreads... yes
checking for thread specific errno... yes
checking for thread specific h_errno... yes
checking for sem_timedwait... yes
checking size of pthread_t... 8
checking for sigwait... yes
checking for pthread_attr_getstacksize... yes
checking for pthread_attr_setstacksize... yes
checking for sysconf... yes
checking if vsnprintf expands "%m" to strerror(errno)... yes
checking sys/clockctl.h usability... no
checking sys/clockctl.h presence... no
checking for sys/clockctl.h... no
checking if we should use /dev/clockctl... no
checking sys/capability.h usability... no
checking sys/capability.h presence... no
checking for sys/capability.h... no
checking sys/prctl.h usability... yes
checking sys/prctl.h presence... yes
checking for sys/prctl.h... yes
checking if we have linux capabilities (libcap)... no
checking priv.h usability... no
checking priv.h presence... no
checking for priv.h... no
checking if we have solaris privileges... no
checking sys/mac.h usability... no
checking sys/mac.h presence... no
checking for sys/mac.h... no
checking if we should use TrustedBSD MAC privileges... no
checking for library containing res_init... no
checking for sys/types.h... (cached) yes
checking for netinet/in.h... (cached) yes
checking for arpa/nameser.h... (cached) yes
checking for netdb.h... yes
checking for resolv.h... (cached) yes
checking for res_init... no
checking for __res_init... yes
checking for inet_ntop... yes
checking for inet_pton... yes
checking for uintptr_t... yes
checking for int32... no
checking for u_int32... no
checking for int32 with DNS headers included... no
checking for u_int32 with DNS headers included... no
checking for sys/timepps.h... yes
checking for struct timespec... yes
checking for struct ntptimeval... yes
checking for md5.h... no
checking for library containing MD5Init... no
checking for MD5Init... no
checking for sysconf... (cached) yes
checking for getdtablesize... yes
checking for sigaction... yes
checking for sigset... yes
checking for sigvec... no
checking for SIGIO... yes
checking if we want to use SIGIO... Possible for x86_64-unknown-linux-gnu but disabled because of reported problems
checking for SIGPOLL... yes
checking if we can use SIGPOLL for UDP I/O... no
checking if we can use SIGPOLL for TTY I/O... no
checking number of arguments to gettimeofday()... 2
checking for settimeofday... yes
checking if we'll use clock_settime or settimeofday or stime... clock_settime()
checking for BSD- or MS-compatible name lister (nm)... /usr/bin/nm -B
checking the name lister (/usr/bin/nm -B) interface... BSD nm
checking whether ln -s works... yes
checking the maximum length of command line arguments... 1572864
checking how to convert x86_64-unknown-linux-gnu file names to x86_64-unknown-linux-gnu format... func_convert_file_noop
checking how to convert x86_64-unknown-linux-gnu file names to toolchain format... func_convert_file_noop
checking for /usr/x86_64-suse-linux/bin/ld option to reload object files... -r
checking for objdump... objdump
checking how to recognize dependent libraries... pass_all
checking for dlltool... no
checking how to associate runtime and link libraries... printf %s\n
checking for archiver @FILE support... @
checking for strip... strip
checking for ranlib... ranlib
checking command to parse /usr/bin/nm -B output from cc object... ok
checking for sysroot... no
checking for a working dd... /usr/bin/dd
checking how to truncate binary pipes... /usr/bin/dd bs=4096 count=1
checking for mt... mt
checking if mt is a manifest tool... no
checking for dlfcn.h... yes
checking for objdir... .libs
checking if cc supports -fno-rtti -fno-exceptions... no
checking for cc option to produce PIC... -fPIC -DPIC
checking if cc PIC flag -fPIC -DPIC works... yes
checking if cc static flag -static works... no
checking if cc supports -c -o file.o... yes
checking if cc supports -c -o file.o... (cached) yes
checking whether the cc linker (/usr/x86_64-suse-linux/bin/ld -m elf_x86_64) supports shared libraries... yes
checking dynamic linker characteristics... GNU/Linux ld.so
checking how to hardcode library paths into programs... immediate
checking whether stripping libraries is possible... yes
checking if libtool supports shared libraries... yes
checking whether to build shared libraries... no
checking whether to build static libraries... yes
checking if sntp will be built... yes
checking for dirent.h that defines DIR... yes
checking for library containing opendir... none required
checking sys/mman.h usability... yes
checking sys/mman.h presence... yes
checking for sys/mman.h... yes
checking for sys/param.h... (cached) yes
checking sys/poll.h usability... yes
checking sys/poll.h presence... yes
checking for sys/poll.h... yes
checking sys/procset.h usability... no
checking sys/procset.h presence... no
checking for sys/procset.h... no
checking sys/select.h usability... yes
checking sys/select.h presence... yes
checking for sys/select.h... yes
checking for sys/socket.h... (cached) yes
checking sys/stropts.h usability... no
checking sys/stropts.h presence... no
checking for sys/stropts.h... no
checking for sys/time.h... (cached) yes
checking sys/un.h usability... yes
checking sys/un.h presence... yes
checking for sys/un.h... yes
checking sys/wait.h usability... yes
checking sys/wait.h presence... yes
checking for sys/wait.h... yes
checking for dlfcn.h... (cached) yes
checking for errno.h... (cached) yes
checking fcntl.h usability... yes
checking fcntl.h presence... yes
checking for fcntl.h... yes
checking libgen.h usability... yes
checking libgen.h presence... yes
checking for libgen.h... yes
checking libintl.h usability... yes
checking libintl.h presence... yes
checking for libintl.h... yes
checking for memory.h... (cached) yes
checking for netinet/in.h... (cached) yes
checking setjmp.h usability... yes
checking setjmp.h presence... yes
checking for setjmp.h... yes
checking stdbool.h usability... yes
checking stdbool.h presence... yes
checking for stdbool.h... yes
checking sysexits.h usability... yes
checking sysexits.h presence... yes
checking for sysexits.h... yes
checking for unistd.h... (cached) yes
checking utime.h usability... yes
checking utime.h presence... yes
checking for utime.h... yes
checking for stdarg.h... (cached) yes
checking for string.h... (cached) yes
checking limits.h usability... yes
checking limits.h presence... yes
checking for limits.h... yes
checking for inttypes.h... (cached) yes
checking for working stdnoreturn.h... yes
checking for runetype.h... no
checking for wchar.h... yes
checking for wchar_t... yes
checking for wint_t... yes
checking for int8_t... yes
checking for uint8_t... yes
checking for int16_t... yes
checking for uint16_t... yes
checking for int32_t... yes
checking for uint32_t... yes
checking for intptr_t... yes
checking for uintptr_t... (cached) yes
checking for uint_t... no
checking for pid_t... (cached) yes
checking for size_t... (cached) yes
checking for ptrdiff_t... yes
checking size of char *... 8
checking size of int... (cached) 4
checking size of long... (cached) 8
checking size of short... (cached) 2
checking for pathfind in -lgen... no
checking for gettext in -lintl... no
checking for vprintf... yes
checking for _doprnt... no
checking for vfork.h... (cached) no
checking for fork... (cached) yes
checking for vfork... (cached) yes
checking for working fork... (cached) yes
checking for working vfork... (cached) yes
checking for mmap... yes
checking for canonicalize_file_name... yes
checking for snprintf... (cached) yes
checking for strdup... yes
checking for strchr... yes
checking for strrchr... yes
checking for strsignal... yes
checking for fchmod... yes
checking for fstat... yes
checking for chmod... yes
checking for a sed that does not truncate output... (cached) /usr/bin/sed
configure: Using supplied libopts tearoff
checking whether a reg expr header is specified... no
checking whether with-libregex was specified... no
checking whether with-libregex-cflags was specified... no
checking whether with-libregex-libs was specified... no
checking whether libregex functions properly... yes
checking whether pathfind(3) works... no
checking whether /dev/zero is readable device... crw-rw-rw- 1 root root 1, 5 Sep 18 17:37 /dev/zero
checking whether we have a functional realpath(3C)... yes
checking whether strftime() works... yes
checking whether fopen accepts "b" mode... yes
checking whether fopen accepts "t" mode... yes
checking whether not wanting optional option args... yes
checking for pkg-config... /usr/bin/pkg-config
checking if pkg-config is at least version 0.15.0... yes
checking if libevent 2 or later is installed... Package libevent_pthreads was not found in the pkg-config search path.
Perhaps you should add the directory containing `libevent_pthreads.pc'
to the PKG_CONFIG_PATH environment variable
No package 'libevent_pthreads' found
no
configure: Using libevent tearoff
checking for library containing openlog... none required
checking for netdb.h... (cached) yes
checking for string.h... (cached) yes
checking for strings.h... (cached) yes
checking syslog.h usability... yes
checking syslog.h presence... yes
checking for syslog.h... yes
checking for sysexits.h... (cached) yes
checking for facilitynames in syslog.h... yes
checking for stdbool.h that conforms to C99... (cached) yes
checking for _Bool... yes
checking pkg-config for openssl... yes, version 3.1.4
checking if we will use crypto... yes
checking openssl/cmac.h usability... yes
checking openssl/cmac.h presence... yes
checking for openssl/cmac.h... yes
checking openssl/hmac.h usability... yes
checking openssl/hmac.h presence... yes
checking for openssl/hmac.h... yes
checking for EVP_MD_do_all_sorted... yes
checking for struct sockaddr_storage... yes
checking for sockaddr_storage.__ss_family... no
checking for in_port_t... yes
checking type of socklen arg for getsockname()... socklen_t
checking struct sockaddr for sa_len... no
checking for IPv6 structures... yes
checking for Kame IPv6 support... no
checking for in6_pktinfo... yes
checking for sockaddr_in6.sin6_scope_id... yes
checking for in6addr_any... yes
checking for struct if_laddrconf... no
checking for struct if_laddrreq... no
checking for multicast IP support... yes
checking arg type needed for setsockopt() IP*_MULTICAST_LOOP... u_int
checking for getifaddrs... yes
checking for if_nametoindex... yes
checking for socket... yes
checking for ruby... /usr/bin/ruby
checking if we want to enable tests with undiagnosed problems... yes
checking if we can run test-kodDatabase... yes
checking if we can run test-kodFile... yes
checking that generated files are newer than configure... done
configure: creating ./config.status
config.status: creating libopts/Makefile
config.status: creating Makefile
config.status: creating include/Makefile
config.status: creating scripts/Makefile
config.status: creating tests/Makefile
config.status: creating tests/fileHandlingTest.h
config.status: creating unity/Makefile
config.status: creating config.h
config.status: executing depfiles commands
config.status: executing libtool commands
=== configuring in libevent (/home/radar/borealis/ntp-4.2.8p13/sntp/libevent)
configure: running /bin/sh ./configure --disable-option-checking '--prefix=/usr/local'  'LEP_LDFLAGS=-pie -Wl,-z,relro -Wl,-z,now' 'LEP_CPPFLAGS=-D_FORTIFY_SOURCE=2' 'LEP_CFLAGS=-fPIE -fPIC -fstack-protector-all -O1' '--enable-function-sections' '--enable-silent-rules' '--disable-libevent-install' '--disable-libevent-regress' '--disable-shared' '--disable-openssl' '--enable-atom' --cache-file=/dev/null --srcdir=.
checking for a BSD-compatible install... /usr/bin/install -c
checking whether build environment is sane... yes
checking for a thread-safe mkdir -p... /usr/bin/mkdir -p
checking for gawk... gawk
checking whether make sets $(MAKE)... yes
checking whether make supports nested variables... yes
checking whether make supports nested variables... (cached) yes
checking for style of include used by make... GNU
checking for gcc... gcc
checking whether the C compiler works... yes
checking for C compiler default output file name... a.out
checking for suffix of executables... 
checking whether we are cross compiling... no
checking for suffix of object files... o
checking whether we are using the GNU C compiler... yes
checking whether gcc accepts -g... yes
checking for gcc option to accept ISO C89... none needed
checking whether gcc understands -c and -o together... yes
checking dependency style of gcc... gcc3
checking how to run the C preprocessor... gcc -E
checking for grep that handles long lines and -e... /usr/bin/grep
checking for egrep... /usr/bin/grep -E
checking for ANSI C header files... yes
checking for sys/types.h... yes
checking for sys/stat.h... yes
checking for stdlib.h... yes
checking for string.h... yes
checking for memory.h... yes
checking for strings.h... yes
checking for inttypes.h... yes
checking for stdint.h... yes
checking for unistd.h... yes
checking minix/config.h usability... no
checking minix/config.h presence... no
checking for minix/config.h... no
checking whether it is safe to define __EXTENSIONS__... yes
checking build system type... x86_64-unknown-linux-gnu
checking host system type... x86_64-unknown-linux-gnu
checking whether ln -s works... yes
checking for a sed that does not truncate output... /usr/bin/sed
checking whether gcc needs -traditional... no
checking how to print strings... printf
checking for a sed that does not truncate output... (cached) /usr/bin/sed
checking for fgrep... /usr/bin/grep -F
checking for ld used by gcc... /usr/x86_64-suse-linux/bin/ld
checking if the linker (/usr/x86_64-suse-linux/bin/ld) is GNU ld... yes
checking for BSD- or MS-compatible name lister (nm)... /usr/bin/nm -B
checking the name lister (/usr/bin/nm -B) interface... BSD nm
checking the maximum length of command line arguments... 1572864
checking how to convert x86_64-unknown-linux-gnu file names to x86_64-unknown-linux-gnu format... func_convert_file_noop
checking how to convert x86_64-unknown-linux-gnu file names to toolchain format... func_convert_file_noop
checking for /usr/x86_64-suse-linux/bin/ld option to reload object files... -r
checking for objdump... objdump
checking how to recognize dependent libraries... pass_all
checking for dlltool... no
checking how to associate runtime and link libraries... printf %s\n
checking for ar... ar
checking for archiver @FILE support... @
checking for strip... strip
checking for ranlib... ranlib
checking command to parse /usr/bin/nm -B output from gcc object... ok
checking for sysroot... no
checking for a working dd... /usr/bin/dd
checking how to truncate binary pipes... /usr/bin/dd bs=4096 count=1
checking for mt... mt
checking if mt is a manifest tool... no
checking for dlfcn.h... yes
checking for objdir... .libs
checking if gcc supports -fno-rtti -fno-exceptions... no
checking for gcc option to produce PIC... -fPIC -DPIC
checking if gcc PIC flag -fPIC -DPIC works... yes
checking if gcc static flag -static works... no
checking if gcc supports -c -o file.o... yes
checking if gcc supports -c -o file.o... (cached) yes
checking whether the gcc linker (/usr/x86_64-suse-linux/bin/ld -m elf_x86_64) supports shared libraries... yes
checking dynamic linker characteristics... GNU/Linux ld.so
checking how to hardcode library paths into programs... immediate
checking whether stripping libraries is possible... yes
checking if libtool supports shared libraries... yes
checking whether to build shared libraries... no
checking whether to build static libraries... yes
checking for library containing inet_ntoa... none required
checking for library containing socket... none required
checking for library containing inet_aton... none required
checking for library containing clock_gettime... none required
checking for library containing sendfile... none required
checking for WIN32... no
checking for CYGWIN... no
checking zlib.h usability... yes
checking zlib.h presence... yes
checking for zlib.h... yes
checking for library containing inflateEnd... -lz
checking for special C compiler options needed for large files... no
checking for _FILE_OFFSET_BITS value needed for large files... no
checking for pkg-config... /usr/bin/pkg-config
checking if pkg-config is at least version 0.15.0... yes
checking arpa/inet.h usability... yes
checking arpa/inet.h presence... yes
checking for arpa/inet.h... yes
checking fcntl.h usability... yes
checking fcntl.h presence... yes
checking for fcntl.h... yes
checking ifaddrs.h usability... yes
checking ifaddrs.h presence... yes
checking for ifaddrs.h... yes
checking mach/mach_time.h usability... no
checking mach/mach_time.h presence... no
checking for mach/mach_time.h... no
checking netdb.h usability... yes
checking netdb.h presence... yes
checking for netdb.h... yes
checking netinet/in.h usability... yes
checking netinet/in.h presence... yes
checking for netinet/in.h... yes
checking netinet/in6.h usability... no
checking netinet/in6.h presence... no
checking for netinet/in6.h... no
checking netinet/tcp.h usability... yes
checking netinet/tcp.h presence... yes
checking for netinet/tcp.h... yes
checking poll.h usability... yes
checking poll.h presence... yes
checking for poll.h... yes
checking port.h usability... no
checking port.h presence... no
checking for port.h... no
checking stdarg.h usability... yes
checking stdarg.h presence... yes
checking for stdarg.h... yes
checking stddef.h usability... yes
checking stddef.h presence... yes
checking for stddef.h... yes
checking sys/devpoll.h usability... no
checking sys/devpoll.h presence... no
checking for sys/devpoll.h... no
checking sys/epoll.h usability... yes
checking sys/epoll.h presence... yes
checking for sys/epoll.h... yes
checking sys/event.h usability... no
checking sys/event.h presence... no
checking for sys/event.h... no
checking sys/eventfd.h usability... yes
checking sys/eventfd.h presence... yes
checking for sys/eventfd.h... yes
checking sys/ioctl.h usability... yes
checking sys/ioctl.h presence... yes
checking for sys/ioctl.h... yes
checking sys/mman.h usability... yes
checking sys/mman.h presence... yes
checking for sys/mman.h... yes
checking sys/param.h usability... yes
checking sys/param.h presence... yes
checking for sys/param.h... yes
checking sys/queue.h usability... yes
checking sys/queue.h presence... yes
checking for sys/queue.h... yes
checking sys/resource.h usability... yes
checking sys/resource.h presence... yes
checking for sys/resource.h... yes
checking sys/select.h usability... yes
checking sys/select.h presence... yes
checking for sys/select.h... yes
checking sys/sendfile.h usability... yes
checking sys/sendfile.h presence... yes
checking for sys/sendfile.h... yes
checking sys/socket.h usability... yes
checking sys/socket.h presence... yes
checking for sys/socket.h... yes
checking for sys/stat.h... (cached) yes
checking sys/time.h usability... yes
checking sys/time.h presence... yes
checking for sys/time.h... yes
checking sys/timerfd.h usability... yes
checking sys/timerfd.h presence... yes
checking for sys/timerfd.h... yes
checking sys/uio.h usability... yes
checking sys/uio.h presence... yes
checking for sys/uio.h... yes
checking sys/wait.h usability... yes
checking sys/wait.h presence... yes
checking for sys/wait.h... yes
checking for sys/sysctl.h... no
checking for TAILQ_FOREACH in sys/queue.h... yes
checking for timeradd in sys/time.h... yes
checking for timercmp in sys/time.h... yes
checking for timerclear in sys/time.h... yes
checking for timerisset in sys/time.h... yes
checking for an ANSI C-conforming const... yes
checking for inline... inline
checking whether time.h and sys/time.h may both be included... yes
checking for accept4... yes
checking for arc4random... yes
checking for arc4random_buf... yes
checking for clock_gettime... yes
checking for eventfd... yes
checking for epoll_create1... yes
checking for fcntl... yes
checking for getegid... yes
checking for geteuid... yes
checking for getifaddrs... yes
checking for getnameinfo... yes
checking for getprotobynumber... yes
checking for gettimeofday... yes
checking for inet_ntop... yes
checking for inet_pton... yes
checking for issetugid... no
checking for mach_absolute_time... no
checking for mmap... yes
checking for nanosleep... yes
checking for pipe... yes
checking for pipe2... yes
checking for putenv... yes
checking for sendfile... yes
checking for setenv... yes
checking for setrlimit... yes
checking for sigaction... yes
checking for signal... yes
checking for splice... yes
checking for strlcpy... yes
checking for strsep... yes
checking for strtok_r... yes
checking for strtoll... yes
checking for sysctl... no
checking for timerfd_create... yes
checking for umask... yes
checking for unsetenv... yes
checking for usleep... yes
checking for vasprintf... yes
checking for getaddrinfo... yes
checking for F_SETFD in fcntl.h... yes
checking for select... yes
checking for poll... yes
checking for epoll_ctl... yes
checking for port_create... no
checking for pid_t... yes
checking for size_t... yes
checking for ssize_t... yes
checking for uint64_t... yes
checking for uint32_t... yes
checking for uint16_t... yes
checking for uint8_t... yes
checking for uintptr_t... yes
checking for fd_mask... yes
checking size of long long... 8
checking size of long... 8
checking size of int... 4
checking size of short... 2
checking size of size_t... 8
checking size of void *... 8
checking size of off_t... 8
checking for struct in6_addr... yes
checking for struct sockaddr_in6... yes
checking for sa_family_t... yes
checking for struct addrinfo... yes
checking for struct sockaddr_storage... yes
checking for struct in6_addr.s6_addr32... yes
checking for struct in6_addr.s6_addr16... yes
checking for struct sockaddr_in.sin_len... no
checking for struct sockaddr_in6.sin6_len... no
checking for struct sockaddr_storage.ss_family... yes
checking for struct sockaddr_storage.__ss_family... no
checking for struct so_linger... no
checking for socklen_t... yes
checking whether our compiler supports __func__... yes
checking for the pthreads library -lpthreads... no
checking whether pthreads work without any flags... yes
checking for joinable pthread attribute... PTHREAD_CREATE_JOINABLE
checking if more special flags are required for pthreads... no
checking size of pthread_t... 8
checking if linker supports omitting unused code and data... yes
checking that generated files are newer than configure... done
configure: creating ./config.status
config.status: creating libevent.pc
config.status: creating libevent_openssl.pc
config.status: creating libevent_pthreads.pc
config.status: creating Makefile
config.status: creating config.h
config.status: creating evconfig-private.h
config.status: evconfig-private.h is unchanged
config.status: executing depfiles commands
config.status: executing libtool commands
cd . && \
./scripts/build/checkChangeLog
Compiling with GCC now generates lots of new warnings.
cd ./html && \
../scripts/build/checkHtmlFileDates
 
Don't be concerned. They're just warnings.
 
Don't send bug reports about the warnings, either.
 
Feel free to send patches that fix these warnings, though.
 
make  all-recursive
make[1]: Entering directory '/home/radar/borealis/ntp-4.2.8p13'
Making all in scripts
make[2]: Entering directory '/home/radar/borealis/ntp-4.2.8p13/scripts'
Making all in build
make[3]: Entering directory '/home/radar/borealis/ntp-4.2.8p13/scripts/build'
make[3]: Nothing to be done for 'all'.
make[3]: Leaving directory '/home/radar/borealis/ntp-4.2.8p13/scripts/build'
Making all in calc_tickadj
make[3]: Entering directory '/home/radar/borealis/ntp-4.2.8p13/scripts/calc_tickadj'
make  all-am
make[4]: Entering directory '/home/radar/borealis/ntp-4.2.8p13/scripts/calc_tickadj'
../../config.status --file=calc_tickadj.1+:./calc_tickadj.man.in
config.status: creating calc_tickadj.1+
mv calc_tickadj.1+ calc_tickadj.1
make[4]: Leaving directory '/home/radar/borealis/ntp-4.2.8p13/scripts/calc_tickadj'
make[3]: Leaving directory '/home/radar/borealis/ntp-4.2.8p13/scripts/calc_tickadj'
Making all in ntp-wait
make[3]: Entering directory '/home/radar/borealis/ntp-4.2.8p13/scripts/ntp-wait'
../../config.status --file=ntp-wait.1+:./ntp-wait.man.in
config.status: creating ntp-wait.1+
mv ntp-wait.1+ ntp-wait.1
make[3]: Leaving directory '/home/radar/borealis/ntp-4.2.8p13/scripts/ntp-wait'
Making all in ntpsweep
make[3]: Entering directory '/home/radar/borealis/ntp-4.2.8p13/scripts/ntpsweep'
../../config.status --file=ntpsweep.1+:./ntpsweep.man.in
config.status: creating ntpsweep.1+
mv ntpsweep.1+ ntpsweep.1
make[3]: Leaving directory '/home/radar/borealis/ntp-4.2.8p13/scripts/ntpsweep'
Making all in ntptrace
make[3]: Entering directory '/home/radar/borealis/ntp-4.2.8p13/scripts/ntptrace'
../../config.status --file=ntptrace.1+:./ntptrace.man.in
config.status: creating ntptrace.1+
mv ntptrace.1+ ntptrace.1
make[3]: Leaving directory '/home/radar/borealis/ntp-4.2.8p13/scripts/ntptrace'
Making all in lib
make[3]: Entering directory '/home/radar/borealis/ntp-4.2.8p13/scripts/lib'
make[3]: Nothing to be done for 'all'.
make[3]: Leaving directory '/home/radar/borealis/ntp-4.2.8p13/scripts/lib'
Making all in update-leap
make[3]: Entering directory '/home/radar/borealis/ntp-4.2.8p13/scripts/update-leap'
Makefile:934: warning: overriding recipe for target 'update-leap'
Makefile:548: warning: ignoring old recipe for target 'update-leap'
../../config.status --file=update-leap.1+:./update-leap.man.in
config.status: creating update-leap.1+
mv update-leap.1+ update-leap.1
make[3]: Leaving directory '/home/radar/borealis/ntp-4.2.8p13/scripts/update-leap'
make[3]: Entering directory '/home/radar/borealis/ntp-4.2.8p13/scripts'
make[3]: Nothing to be done for 'all-am'.
make[3]: Leaving directory '/home/radar/borealis/ntp-4.2.8p13/scripts'
make[2]: Leaving directory '/home/radar/borealis/ntp-4.2.8p13/scripts'
Making all in include
make[2]: Entering directory '/home/radar/borealis/ntp-4.2.8p13/include'
Making all in isc
make[3]: Entering directory '/home/radar/borealis/ntp-4.2.8p13/include/isc'
make[3]: Nothing to be done for 'all'.
make[3]: Leaving directory '/home/radar/borealis/ntp-4.2.8p13/include/isc'
make[3]: Entering directory '/home/radar/borealis/ntp-4.2.8p13/include'
make[3]: Nothing to be done for 'all-am'.
make[3]: Leaving directory '/home/radar/borealis/ntp-4.2.8p13/include'
make[2]: Leaving directory '/home/radar/borealis/ntp-4.2.8p13/include'
Making all in libntp
make[2]: Entering directory '/home/radar/borealis/ntp-4.2.8p13/libntp'
make[3]: Entering directory '/home/radar/borealis/ntp-4.2.8p13/libntp'
cp ../deps-ver .deps/deps-ver
make[3]: Leaving directory '/home/radar/borealis/ntp-4.2.8p13/libntp'
make  all-am
make[3]: Entering directory '/home/radar/borealis/ntp-4.2.8p13/libntp'
  CC       systime.o
  CC       a_md5encrypt.o
  CC       adjtime.o
  CC       atoint.o
  CC       atolfp.o
  CC       atouint.o
  CC       audio.o
  CC       authkeys.o
  CC       authreadkeys.o
  CC       authusekey.o
  CC       bsd_strerror.o
  CC       buftvtots.o
  CC       caljulian.o
a_md5encrypt.c: In function ‘cmac_ctx_size’:
a_md5encrypt.c:34:3: warning: ‘CMAC_CTX_get0_cipher_ctx’ is deprecated: Since OpenSSL 3.0 [-Wdeprecated-declarations]
   if (NULL != (cctx = CMAC_CTX_get0_cipher_ctx (ctx)))
   ^~
In file included from ../include/ntp_md5.h:13:0,
                 from a_md5encrypt.c:12:
/usr/include/openssl/cmac.h:35:39: note: declared here
 OSSL_DEPRECATEDIN_3_0 EVP_CIPHER_CTX *CMAC_CTX_get0_cipher_ctx(CMAC_CTX *ctx);
                                       ^~~~~~~~~~~~~~~~~~~~~~~~
a_md5encrypt.c: In function ‘make_mac’:
a_md5encrypt.c:74:3: warning: ‘CMAC_CTX_new’ is deprecated: Since OpenSSL 3.0 [-Wdeprecated-declarations]
   if (NULL == (ctx = CMAC_CTX_new())) {
   ^~
In file included from ../include/ntp_md5.h:13:0,
                 from a_md5encrypt.c:12:
/usr/include/openssl/cmac.h:32:33: note: declared here
 OSSL_DEPRECATEDIN_3_0 CMAC_CTX *CMAC_CTX_new(void);
                                 ^~~~~~~~~~~~
a_md5encrypt.c:78:3: warning: ‘CMAC_Init’ is deprecated: Since OpenSSL 3.0 [-Wdeprecated-declarations]
   if (!CMAC_Init(ctx, keyptr, AES_128_KEY_SIZE, EVP_aes_128_cbc(), NULL)) {
   ^~
In file included from ../include/ntp_md5.h:13:0,
                 from a_md5encrypt.c:12:
/usr/include/openssl/cmac.h:37:27: note: declared here
 OSSL_DEPRECATEDIN_3_0 int CMAC_Init(CMAC_CTX *ctx,
                           ^~~~~~~~~
a_md5encrypt.c:86:3: warning: ‘CMAC_Update’ is deprecated: Since OpenSSL 3.0 [-Wdeprecated-declarations]
   if (!CMAC_Update(ctx, msg->buf, msg->len)) {
   ^~
In file included from ../include/ntp_md5.h:13:0,
                 from a_md5encrypt.c:12:
/usr/include/openssl/cmac.h:40:27: note: declared here
 OSSL_DEPRECATEDIN_3_0 int CMAC_Update(CMAC_CTX *ctx,
                           ^~~~~~~~~~~
a_md5encrypt.c:90:3: warning: ‘CMAC_Final’ is deprecated: Since OpenSSL 3.0 [-Wdeprecated-declarations]
   if (!CMAC_Final(ctx, digest->buf, &retlen)) {
   ^~
In file included from ../include/ntp_md5.h:13:0,
                 from a_md5encrypt.c:12:
/usr/include/openssl/cmac.h:42:27: note: declared here
 OSSL_DEPRECATEDIN_3_0 int CMAC_Final(CMAC_CTX *ctx,
                           ^~~~~~~~~~
a_md5encrypt.c:96:4: warning: ‘CMAC_CTX_cleanup’ is deprecated: Since OpenSSL 3.0 [-Wdeprecated-declarations]
    CMAC_CTX_cleanup(ctx);
    ^~~~~~~~~~~~~~~~
In file included from ../include/ntp_md5.h:13:0,
                 from a_md5encrypt.c:12:
/usr/include/openssl/cmac.h:33:28: note: declared here
 OSSL_DEPRECATEDIN_3_0 void CMAC_CTX_cleanup(CMAC_CTX *ctx);
                            ^~~~~~~~~~~~~~~~
  CC       caltontp.o
  CC       calyearstart.o
  CC       clocktime.o
  CC       clocktypes.o
  CC       decodenetnum.o
  CC       dofptoa.o
  CC       dolfptoa.o
  CC       emalloc.o
  CC       findconfig.o
  CC       getopt.o
  CC       hextoint.o
  CC       hextolfp.o
  CC       humandate.o
  CC       icom.o
  CC       iosignal.o
  CC       is_ip_address.o
  CC       lib_strbuf.o
  CC       libssl_compat.o
  CC       machines.o
  CC       mktime.o
  CC       modetoa.o
  CC       mstolfp.o
  CC       msyslog.o
  CC       netof.o
  CC       ntp_calendar.o
  CC       ntp_calgps.o
  CC       ntp_crypto_rnd.o
  CC       ntp_intres.o
  CC       ntp_libopts.o
  CC       ntp_lineedit.o
  CC       ntp_random.o
  CC       ntp_rfc2553.o
  CC       ntp_worker.o
  CC       numtoa.o
  CC       numtohost.o
  CC       octtoint.o
  CC       prettydate.o
  CC       refidsmear.o
  CC       recvbuff.o
  CC       refnumtoa.o
  CC       snprintf.o
  CC       socket.o
  CC       socktoa.o
  CC       socktohost.o
  CC       ssl_init.o
  CC       statestr.o
  CC       strdup.o
  CC       strl_obsd.o
  CC       syssignal.o
  CC       timespecops.o
  CC       timetoa.o
  CC       timevalops.o
  CC       timexsup.o
  CC       uglydate.o
  CC       vint64ops.o
  CC       work_fork.o
  CC       work_thread.o
timetoa.c: In function ‘format_time_fraction’:
timetoa.c:71:2: warning: assuming signed overflow does not occur when simplifying conditional [-Wstrict-overflow]
  for (fraclimit = 10, u = 1; u < prec_u; u++) {
  ^~~
  CC       xsbprintf.o
  CC       ymd2yd.o
  CC       assertions.o
  CC       buffer.o
  CC       backtrace-emptytbl.o
  CC       backtrace.o
  CC       condition.o
  CC       dir.o
  CC       error.o
  CC       errno2result.o
  CC       event.o
  CC       file.o
In file included from /usr/include/pthread.h:33:0,
                 from work_thread.c:13:
work_thread.c:45:57: error: missing binary operator before token "("
 #if defined(PTHREAD_STACK_MIN) && THREAD_MINSTACKSIZE < PTHREAD_STACK_MIN
                                                         ^
  CC       inet_ntop.o
make[3]: *** [Makefile:893: work_thread.o] Error 1
make[3]: *** Waiting for unfinished jobs....
make[3]: Leaving directory '/home/radar/borealis/ntp-4.2.8p13/libntp'
make[2]: *** [Makefile:730: all] Error 2
make[2]: Leaving directory '/home/radar/borealis/ntp-4.2.8p13/libntp'
make[1]: *** [Makefile:666: all-recursive] Error 1
make[1]: Leaving directory '/home/radar/borealis/ntp-4.2.8p13'
make: *** [Makefile:598: all] Error 2
cd ./html && \
../scripts/build/checkHtmlFileDates
cd . && \
./scripts/build/checkChangeLog
make  install-recursive
make[1]: Entering directory '/home/radar/borealis/ntp-4.2.8p13'
Making install in scripts
make[2]: Entering directory '/home/radar/borealis/ntp-4.2.8p13/scripts'
Making install in build
make[3]: Entering directory '/home/radar/borealis/ntp-4.2.8p13/scripts/build'
make[4]: Entering directory '/home/radar/borealis/ntp-4.2.8p13/scripts/build'
make[4]: Nothing to be done for 'install-exec-am'.
make[4]: Nothing to be done for 'install-data-am'.
make[4]: Leaving directory '/home/radar/borealis/ntp-4.2.8p13/scripts/build'
make[3]: Leaving directory '/home/radar/borealis/ntp-4.2.8p13/scripts/build'
Making install in calc_tickadj
make[3]: Entering directory '/home/radar/borealis/ntp-4.2.8p13/scripts/calc_tickadj'
make  install-am
make[4]: Entering directory '/home/radar/borealis/ntp-4.2.8p13/scripts/calc_tickadj'
make[5]: Entering directory '/home/radar/borealis/ntp-4.2.8p13/scripts/calc_tickadj'
 /usr/bin/mkdir -p '/usr/local/bin'
 /usr/bin/install -c calc_tickadj '/usr/local/bin'
 /usr/bin/mkdir -p '/usr/local/share/man/man1'
 /usr/bin/install -c -m 644 calc_tickadj.1 '/usr/local/share/man/man1'
 /usr/bin/mkdir -p '/usr/local/share/man/man8'
make[5]: Leaving directory '/home/radar/borealis/ntp-4.2.8p13/scripts/calc_tickadj'
make[4]: Leaving directory '/home/radar/borealis/ntp-4.2.8p13/scripts/calc_tickadj'
make[3]: Leaving directory '/home/radar/borealis/ntp-4.2.8p13/scripts/calc_tickadj'
Making install in ntp-wait
make[3]: Entering directory '/home/radar/borealis/ntp-4.2.8p13/scripts/ntp-wait'
make[4]: Entering directory '/home/radar/borealis/ntp-4.2.8p13/scripts/ntp-wait'
 /usr/bin/mkdir -p '/usr/local/bin'
 /usr/bin/install -c ntp-wait '/usr/local/bin'
 /usr/bin/mkdir -p '/usr/local/share/doc/ntp'
 /usr/bin/install -c -m 644 ./ntp-wait.html '/usr/local/share/doc/ntp'
 /usr/bin/mkdir -p '/usr/local/share/man/man1'
 /usr/bin/install -c -m 644 ntp-wait.1 '/usr/local/share/man/man1'
 /usr/bin/mkdir -p '/usr/local/share/man/man8'
make[4]: Leaving directory '/home/radar/borealis/ntp-4.2.8p13/scripts/ntp-wait'
make[3]: Leaving directory '/home/radar/borealis/ntp-4.2.8p13/scripts/ntp-wait'
Making install in ntpsweep
make[3]: Entering directory '/home/radar/borealis/ntp-4.2.8p13/scripts/ntpsweep'
make[4]: Entering directory '/home/radar/borealis/ntp-4.2.8p13/scripts/ntpsweep'
 /usr/bin/mkdir -p '/usr/local/share/doc/ntp'
 /usr/bin/install -c -m 644 ntpsweep.html '/usr/local/share/doc/ntp'
make[4]: Leaving directory '/home/radar/borealis/ntp-4.2.8p13/scripts/ntpsweep'
make[3]: Leaving directory '/home/radar/borealis/ntp-4.2.8p13/scripts/ntpsweep'
Making install in ntptrace
make[3]: Entering directory '/home/radar/borealis/ntp-4.2.8p13/scripts/ntptrace'
make[4]: Entering directory '/home/radar/borealis/ntp-4.2.8p13/scripts/ntptrace'
 /usr/bin/mkdir -p '/usr/local/bin'
 /usr/bin/install -c ntptrace '/usr/local/bin'
 /usr/bin/mkdir -p '/usr/local/share/doc/ntp'
 /usr/bin/install -c -m 644 ./ntptrace.html '/usr/local/share/doc/ntp'
 /usr/bin/mkdir -p '/usr/local/share/man/man1'
 /usr/bin/install -c -m 644 ntptrace.1 '/usr/local/share/man/man1'
 /usr/bin/mkdir -p '/usr/local/share/man/man8'
make[4]: Leaving directory '/home/radar/borealis/ntp-4.2.8p13/scripts/ntptrace'
make[3]: Leaving directory '/home/radar/borealis/ntp-4.2.8p13/scripts/ntptrace'
Making install in lib
make[3]: Entering directory '/home/radar/borealis/ntp-4.2.8p13/scripts/lib'
make[4]: Entering directory '/home/radar/borealis/ntp-4.2.8p13/scripts/lib'
make[4]: Nothing to be done for 'install-exec-am'.
 /usr/bin/mkdir -p '/usr/local/share/ntp/lib'
 /usr/bin/mkdir -p '/usr/local/share/ntp/lib/NTP'
 /usr/bin/install -c -m 644  NTP/Util.pm '/usr/local/share/ntp/lib/NTP'
make[4]: Leaving directory '/home/radar/borealis/ntp-4.2.8p13/scripts/lib'
make[3]: Leaving directory '/home/radar/borealis/ntp-4.2.8p13/scripts/lib'
Making install in update-leap
make[3]: Entering directory '/home/radar/borealis/ntp-4.2.8p13/scripts/update-leap'
Makefile:934: warning: overriding recipe for target 'update-leap'
Makefile:548: warning: ignoring old recipe for target 'update-leap'
make[4]: Entering directory '/home/radar/borealis/ntp-4.2.8p13/scripts/update-leap'
Makefile:934: warning: overriding recipe for target 'update-leap'
Makefile:548: warning: ignoring old recipe for target 'update-leap'
 /usr/bin/mkdir -p '/usr/local/bin'
 /usr/bin/install -c update-leap '/usr/local/bin'
 /usr/bin/mkdir -p '/usr/local/share/doc/ntp'
 /usr/bin/install -c -m 644 update-leap.html '/usr/local/share/doc/ntp'
 /usr/bin/mkdir -p '/usr/local/share/man/man1'
 /usr/bin/install -c -m 644 update-leap.1 '/usr/local/share/man/man1'
 /usr/bin/mkdir -p '/usr/local/share/man/man8'
make[4]: Leaving directory '/home/radar/borealis/ntp-4.2.8p13/scripts/update-leap'
make[3]: Leaving directory '/home/radar/borealis/ntp-4.2.8p13/scripts/update-leap'
make[3]: Entering directory '/home/radar/borealis/ntp-4.2.8p13/scripts'
make[4]: Entering directory '/home/radar/borealis/ntp-4.2.8p13/scripts'
make[4]: Nothing to be done for 'install-exec-am'.
Making install-html in build
make[5]: Entering directory '/home/radar/borealis/ntp-4.2.8p13/scripts/build'
make[5]: Nothing to be done for 'install-html'.
make[5]: Leaving directory '/home/radar/borealis/ntp-4.2.8p13/scripts/build'
Making install-html in calc_tickadj
make[5]: Entering directory '/home/radar/borealis/ntp-4.2.8p13/scripts/calc_tickadj'
make[5]: Nothing to be done for 'install-html'.
make[5]: Leaving directory '/home/radar/borealis/ntp-4.2.8p13/scripts/calc_tickadj'
Making install-html in ntp-wait
make[5]: Entering directory '/home/radar/borealis/ntp-4.2.8p13/scripts/ntp-wait'
make[5]: Nothing to be done for 'install-html'.
make[5]: Leaving directory '/home/radar/borealis/ntp-4.2.8p13/scripts/ntp-wait'
Making install-html in ntpsweep
make[5]: Entering directory '/home/radar/borealis/ntp-4.2.8p13/scripts/ntpsweep'
make[5]: Nothing to be done for 'install-html'.
make[5]: Leaving directory '/home/radar/borealis/ntp-4.2.8p13/scripts/ntpsweep'
Making install-html in ntptrace
make[5]: Entering directory '/home/radar/borealis/ntp-4.2.8p13/scripts/ntptrace'
make[5]: Nothing to be done for 'install-html'.
make[5]: Leaving directory '/home/radar/borealis/ntp-4.2.8p13/scripts/ntptrace'
Making install-html in lib
make[5]: Entering directory '/home/radar/borealis/ntp-4.2.8p13/scripts/lib'
make[5]: Nothing to be done for 'install-html'.
make[5]: Leaving directory '/home/radar/borealis/ntp-4.2.8p13/scripts/lib'
Making install-html in update-leap
make[5]: Entering directory '/home/radar/borealis/ntp-4.2.8p13/scripts/update-leap'
Makefile:934: warning: overriding recipe for target 'update-leap'
Makefile:548: warning: ignoring old recipe for target 'update-leap'
make[5]: Nothing to be done for 'install-html'.
make[5]: Leaving directory '/home/radar/borealis/ntp-4.2.8p13/scripts/update-leap'
make[5]: Entering directory '/home/radar/borealis/ntp-4.2.8p13/scripts'
make[5]: Nothing to be done for 'install-html-am'.
make[5]: Leaving directory '/home/radar/borealis/ntp-4.2.8p13/scripts'
make[4]: Leaving directory '/home/radar/borealis/ntp-4.2.8p13/scripts'
make[3]: Leaving directory '/home/radar/borealis/ntp-4.2.8p13/scripts'
make[2]: Leaving directory '/home/radar/borealis/ntp-4.2.8p13/scripts'
Making install in include
make[2]: Entering directory '/home/radar/borealis/ntp-4.2.8p13/include'
Making install in isc
make[3]: Entering directory '/home/radar/borealis/ntp-4.2.8p13/include/isc'
make[4]: Entering directory '/home/radar/borealis/ntp-4.2.8p13/include/isc'
make[4]: Nothing to be done for 'install-exec-am'.
make[4]: Nothing to be done for 'install-data-am'.
make[4]: Leaving directory '/home/radar/borealis/ntp-4.2.8p13/include/isc'
make[3]: Leaving directory '/home/radar/borealis/ntp-4.2.8p13/include/isc'
make[3]: Entering directory '/home/radar/borealis/ntp-4.2.8p13/include'
make[4]: Entering directory '/home/radar/borealis/ntp-4.2.8p13/include'
make[4]: Nothing to be done for 'install-exec-am'.
make[4]: Nothing to be done for 'install-data-am'.
make[4]: Leaving directory '/home/radar/borealis/ntp-4.2.8p13/include'
make[3]: Leaving directory '/home/radar/borealis/ntp-4.2.8p13/include'
make[2]: Leaving directory '/home/radar/borealis/ntp-4.2.8p13/include'
Making install in libntp
make[2]: Entering directory '/home/radar/borealis/ntp-4.2.8p13/libntp'
make  install-am
make[3]: Entering directory '/home/radar/borealis/ntp-4.2.8p13/libntp'
  CC       work_thread.o
In file included from /usr/include/pthread.h:33:0,
                 from work_thread.c:13:
work_thread.c:45:57: error: missing binary operator before token "("
 #if defined(PTHREAD_STACK_MIN) && THREAD_MINSTACKSIZE < PTHREAD_STACK_MIN
                                                         ^
make[3]: *** [Makefile:893: work_thread.o] Error 1
make[3]: Leaving directory '/home/radar/borealis/ntp-4.2.8p13/libntp'
make[2]: *** [Makefile:1469: install] Error 2
make[2]: Leaving directory '/home/radar/borealis/ntp-4.2.8p13/libntp'
make[1]: *** [Makefile:666: install-recursive] Error 1
make[1]: Leaving directory '/home/radar/borealis/ntp-4.2.8p13'
make: *** [Makefile:963: install] Error 2

### Installing SuperDARN hdw repo ###
Cloning into '/usr/local/hdw'...

### Creating Borealis virtual environment ###
Collecting wheel
  Downloading wheel-0.45.1-py3-none-any.whl.metadata (2.3 kB)
Downloading wheel-0.45.1-py3-none-any.whl (72 kB)
   ━━━━━━━━━━━━━━━━━━━━━━━━━━━━━━━━━━━━━━━━ 72.5/72.5 kB 609.9 kB/s eta 0:00:00
Installing collected packages: wheel
Successfully installed wheel-0.45.1

[notice] A new release of pip is available: 24.0 -> 25.2
[notice] To update, run: /home/radar/borealis/borealis_env3.11/bin/python3 -m pip install --upgrade pip

Processing /home/radar/borealis
  Installing build dependencies: started
  Installing build dependencies: finished with status 'done'
  Getting requirements to build wheel: started
  Getting requirements to build wheel: finished with status 'done'
  Preparing metadata (pyproject.toml): started
  Preparing metadata (pyproject.toml): finished with status 'done'
Collecting backscatter@ git+https://github.com/SuperDARNCanada/backscatter.git (from borealis==1.0)
  Cloning https://github.com/SuperDARNCanada/backscatter.git to /tmp/pip-install-2qggx8u4/backscatter_95aff31d2e5b46efaf6baa58ac993f39
  Running command git clone --filter=blob:none --quiet https://github.com/SuperDARNCanada/backscatter.git /tmp/pip-install-2qggx8u4/backscatter_95aff31d2e5b46efaf6baa58ac993f39
  Resolved https://github.com/SuperDARNCanada/backscatter.git to commit 266cd1bd29a35a87a7cf45bd7f3b2433c580e48f
  Preparing metadata (setup.py): started
  Preparing metadata (setup.py): finished with status 'done'
Collecting pyDARNio@ git+https://github.com/SuperDARN/pyDARNio.git@develop (from borealis==1.0)
  Cloning https://github.com/SuperDARN/pyDARNio.git (to revision develop) to /tmp/pip-install-2qggx8u4/pydarnio_178300bc44d945a481bdbf5c8ad8a4b9
  Running command git clone --filter=blob:none --quiet https://github.com/SuperDARN/pyDARNio.git /tmp/pip-install-2qggx8u4/pydarnio_178300bc44d945a481bdbf5c8ad8a4b9
  Resolved https://github.com/SuperDARN/pyDARNio.git to commit 516ff75549401124ba3fbcbbf6404197ff48d4d0
  Installing build dependencies: started
  Installing build dependencies: finished with status 'done'
  Getting requirements to build wheel: started
  Getting requirements to build wheel: finished with status 'done'
  Preparing metadata (pyproject.toml): started
  Preparing metadata (pyproject.toml): finished with status 'done'
Collecting darn-dmap>=0.1.6 (from borealis==1.0)
  Downloading darn_dmap-0.4.0-cp38-abi3-manylinux_2_17_x86_64.manylinux2014_x86_64.whl.metadata (207 bytes)
Collecting graypy (from borealis==1.0)
  Downloading graypy-2.1.0-py2.py3-none-any.whl.metadata (8.9 kB)
Collecting h5py>=3.3.0 (from borealis==1.0)
  Downloading h5py-3.14.0-cp311-cp311-manylinux_2_17_x86_64.manylinux2014_x86_64.whl.metadata (2.7 kB)
Collecting inotify (from borealis==1.0)
  Downloading inotify-0.2.12-py2.py3-none-any.whl.metadata (7.2 kB)
Collecting numpy<2 (from borealis==1.0)
  Downloading numpy-1.26.4-cp311-cp311-manylinux_2_17_x86_64.manylinux2014_x86_64.whl.metadata (61 kB)
     ━━━━━━━━━━━━━━━━━━━━━━━━━━━━━━━━━━━━━━━━ 61.0/61.0 kB 437.8 kB/s eta 0:00:00
Collecting posix_ipc (from borealis==1.0)
  Downloading posix_ipc-1.3.0-cp311-cp311-manylinux_2_5_x86_64.manylinux1_x86_64.manylinux_2_17_x86_64.manylinux2014_x86_64.whl.metadata (2.5 kB)
Collecting pydantic>=2 (from borealis==1.0)
  Downloading pydantic-2.11.9-py3-none-any.whl.metadata (68 kB)
     ━━━━━━━━━━━━━━━━━━━━━━━━━━━━━━━━━━━━━━━━ 68.4/68.4 kB 609.2 kB/s eta 0:00:00
Collecting rich (from borealis==1.0)
  Downloading rich-14.1.0-py3-none-any.whl.metadata (18 kB)
Collecting scipy (from borealis==1.0)
  Downloading scipy-1.16.2-cp311-cp311-manylinux2014_x86_64.manylinux_2_17_x86_64.whl.metadata (62 kB)
     ━━━━━━━━━━━━━━━━━━━━━━━━━━━━━━━━━━━━━━━━ 62.0/62.0 kB 611.4 kB/s eta 0:00:00
Collecting structlog==24.1.0 (from borealis==1.0)
  Downloading structlog-24.1.0-py3-none-any.whl.metadata (6.9 kB)
Collecting zmq (from borealis==1.0)
  Downloading zmq-0.0.0.zip (2.2 kB)
  Preparing metadata (setup.py): started
  Preparing metadata (setup.py): finished with status 'done'
Collecting annotated-types>=0.6.0 (from pydantic>=2->borealis==1.0)
  Downloading annotated_types-0.7.0-py3-none-any.whl.metadata (15 kB)
Collecting pydantic-core==2.33.2 (from pydantic>=2->borealis==1.0)
  Downloading pydantic_core-2.33.2-cp311-cp311-manylinux_2_17_x86_64.manylinux2014_x86_64.whl.metadata (6.8 kB)
Collecting typing-extensions>=4.12.2 (from pydantic>=2->borealis==1.0)
  Downloading typing_extensions-4.15.0-py3-none-any.whl.metadata (3.3 kB)
Collecting typing-inspection>=0.4.0 (from pydantic>=2->borealis==1.0)
  Downloading typing_inspection-0.4.1-py3-none-any.whl.metadata (2.6 kB)
Collecting build (from inotify->borealis==1.0)
  Downloading build-1.3.0-py3-none-any.whl.metadata (5.6 kB)
Collecting markdown-it-py>=2.2.0 (from rich->borealis==1.0)
  Downloading markdown_it_py-4.0.0-py3-none-any.whl.metadata (7.3 kB)
Collecting pygments<3.0.0,>=2.13.0 (from rich->borealis==1.0)
  Downloading pygments-2.19.2-py3-none-any.whl.metadata (2.5 kB)
Collecting pyzmq (from zmq->borealis==1.0)
  Downloading pyzmq-27.1.0-cp311-cp311-manylinux_2_26_x86_64.manylinux_2_28_x86_64.whl.metadata (6.0 kB)
Collecting mdurl~=0.1 (from markdown-it-py>=2.2.0->rich->borealis==1.0)
  Downloading mdurl-0.1.2-py3-none-any.whl.metadata (1.6 kB)
Collecting packaging>=19.1 (from build->inotify->borealis==1.0)
  Downloading packaging-25.0-py3-none-any.whl.metadata (3.3 kB)
Collecting pyproject_hooks (from build->inotify->borealis==1.0)
  Downloading pyproject_hooks-1.2.0-py3-none-any.whl.metadata (1.3 kB)
Downloading structlog-24.1.0-py3-none-any.whl (65 kB)
   ━━━━━━━━━━━━━━━━━━━━━━━━━━━━━━━━━━━━━━━━ 65.7/65.7 kB 588.7 kB/s eta 0:00:00
Downloading darn_dmap-0.4.0-cp38-abi3-manylinux_2_17_x86_64.manylinux2014_x86_64.whl (598 kB)
   ━━━━━━━━━━━━━━━━━━━━━━━━━━━━━━━━━━━━━━━━ 598.8/598.8 kB 5.0 MB/s eta 0:00:00
Downloading h5py-3.14.0-cp311-cp311-manylinux_2_17_x86_64.manylinux2014_x86_64.whl (4.5 MB)
   ━━━━━━━━━━━━━━━━━━━━━━━━━━━━━━━━━━━━━━━━ 4.5/4.5 MB 1.3 MB/s eta 0:00:00
Downloading numpy-1.26.4-cp311-cp311-manylinux_2_17_x86_64.manylinux2014_x86_64.whl (18.3 MB)
   ━━━━━━━━━━━━━━━━━━━━━━━━━━━━━━━━━━━━━━━━ 18.3/18.3 MB 907.3 kB/s eta 0:00:00
Downloading pydantic-2.11.9-py3-none-any.whl (444 kB)
   ━━━━━━━━━━━━━━━━━━━━━━━━━━━━━━━━━━━━━━━━ 444.9/444.9 kB 3.0 MB/s eta 0:00:00
Downloading pydantic_core-2.33.2-cp311-cp311-manylinux_2_17_x86_64.manylinux2014_x86_64.whl (2.0 MB)
   ━━━━━━━━━━━━━━━━━━━━━━━━━━━━━━━━━━━━━━━━ 2.0/2.0 MB 923.2 kB/s eta 0:00:00
Downloading graypy-2.1.0-py2.py3-none-any.whl (29 kB)
Downloading inotify-0.2.12-py2.py3-none-any.whl (20 kB)
Downloading posix_ipc-1.3.0-cp311-cp311-manylinux_2_5_x86_64.manylinux1_x86_64.manylinux_2_17_x86_64.manylinux2014_x86_64.whl (51 kB)
   ━━━━━━━━━━━━━━━━━━━━━━━━━━━━━━━━━━━━━━━━ 51.6/51.6 kB 397.1 kB/s eta 0:00:00
Downloading rich-14.1.0-py3-none-any.whl (243 kB)
   ━━━━━━━━━━━━━━━━━━━━━━━━━━━━━━━━━━━━━━━━ 243.4/243.4 kB 1.9 MB/s eta 0:00:00
Downloading scipy-1.16.2-cp311-cp311-manylinux2014_x86_64.manylinux_2_17_x86_64.whl (35.9 MB)
   ━━━━━━━━━━━━━━━━━━━━━━━━━━━━━━━━━━━━━━━━ 35.9/35.9 MB 882.1 kB/s eta 0:00:00
Downloading annotated_types-0.7.0-py3-none-any.whl (13 kB)
Downloading markdown_it_py-4.0.0-py3-none-any.whl (87 kB)
   ━━━━━━━━━━━━━━━━━━━━━━━━━━━━━━━━━━━━━━━━ 87.3/87.3 kB 749.3 kB/s eta 0:00:00
Downloading pygments-2.19.2-py3-none-any.whl (1.2 MB)
   ━━━━━━━━━━━━━━━━━━━━━━━━━━━━━━━━━━━━━━━━ 1.2/1.2 MB 2.2 MB/s eta 0:00:00
Downloading typing_extensions-4.15.0-py3-none-any.whl (44 kB)
   ━━━━━━━━━━━━━━━━━━━━━━━━━━━━━━━━━━━━━━━━ 44.6/44.6 kB 319.0 kB/s eta 0:00:00
Downloading typing_inspection-0.4.1-py3-none-any.whl (14 kB)
Downloading build-1.3.0-py3-none-any.whl (23 kB)
Downloading pyzmq-27.1.0-cp311-cp311-manylinux_2_26_x86_64.manylinux_2_28_x86_64.whl (857 kB)
   ━━━━━━━━━━━━━━━━━━━━━━━━━━━━━━━━━━━━━━━━ 857.0/857.0 kB 1.3 MB/s eta 0:00:00
Downloading mdurl-0.1.2-py3-none-any.whl (10.0 kB)
Downloading packaging-25.0-py3-none-any.whl (66 kB)
   ━━━━━━━━━━━━━━━━━━━━━━━━━━━━━━━━━━━━━━━━ 66.5/66.5 kB 624.2 kB/s eta 0:00:00
Downloading pyproject_hooks-1.2.0-py3-none-any.whl (10 kB)
Building wheels for collected packages: borealis, backscatter, pyDARNio, zmq
  Building wheel for borealis (pyproject.toml): started
  Building wheel for borealis (pyproject.toml): finished with status 'done'
  Created wheel for borealis: filename=borealis-1.0-py3-none-any.whl size=26615 sha256=811dc1103d47bf25e0d05581eb884c37fa5a17d78bcf5f27f18a63a1d4ab6853
  Stored in directory: /tmp/pip-ephem-wheel-cache-_hla9hqy/wheels/40/44/36/bd09cbfab2ca1f4ced1ca47a16d1f5890d312dbdf3e799101a
  Building wheel for backscatter (setup.py): started
  Building wheel for backscatter (setup.py): finished with status 'done'
  Created wheel for backscatter: filename=backscatter-2016.8-py3-none-any.whl size=40786 sha256=2f012853c0597d2eeb8962e2c89ae53fb35e4a48aa335dbb648c60a12c95cadc
  Stored in directory: /tmp/pip-ephem-wheel-cache-_hla9hqy/wheels/4e/08/d0/4129dd71f7bfd639f190496d00256d59fb5cb7c73af254e140
  Building wheel for pyDARNio (pyproject.toml): started
  Building wheel for pyDARNio (pyproject.toml): finished with status 'done'
  Created wheel for pyDARNio: filename=pydarnio-1.3-py3-none-any.whl size=66950 sha256=03d92a6ee8c16ec260df19335e013dbc25774dfcc18b8881105ddb4c557d93f3
  Stored in directory: /tmp/pip-ephem-wheel-cache-_hla9hqy/wheels/17/6b/0e/9113d1d86ea8ad9a3bb569d521327e62fa8e0dc66b04629dd2
  Building wheel for zmq (setup.py): started
  Building wheel for zmq (setup.py): finished with status 'done'
  Created wheel for zmq: filename=zmq-0.0.0-py3-none-any.whl size=1265 sha256=20763e8a41eaa6f7d515dd4f29657a39a9c9684a511ab3ba9af350672181e514
  Stored in directory: /home/radar/.cache/pip/wheels/16/9e/c7/d497825227491fa00cca08b88ae37f9bcc14809233db76342c
Successfully built borealis backscatter pyDARNio zmq
Installing collected packages: posix_ipc, graypy, typing-extensions, structlog, pyzmq, pyproject_hooks, pygments, packaging, numpy, mdurl, annotated-types, zmq, typing-inspection, scipy, pydantic-core, markdown-it-py, h5py, darn-dmap, build, backscatter, rich, pyDARNio, pydantic, inotify, borealis
Successfully installed annotated-types-0.7.0 backscatter-2016.8 borealis-1.0 build-1.3.0 darn-dmap-0.4.0 graypy-2.1.0 h5py-3.14.0 inotify-0.2.12 markdown-it-py-4.0.0 mdurl-0.1.2 numpy-1.26.4 packaging-25.0 posix_ipc-1.3.0 pyDARNio-1.3 pydantic-2.11.9 pydantic-core-2.33.2 pygments-2.19.2 pyproject_hooks-1.2.0 pyzmq-27.1.0 rich-14.1.0 scipy-1.16.2 structlog-24.1.0 typing-extensions-4.15.0 typing-inspection-0.4.1 zmq-0.0.0

[notice] A new release of pip is available: 24.0 -> 25.2
[notice] To update, run: /home/radar/borealis/borealis_env3.11/bin/python3 -m pip install --upgrade pip

### Creating Borealis directories ###
### Installing Borealis experiment files ###
Submodule 'src/borealis_experiments' (https://github.com/SuperDARNCanada/borealis_experiments.git) registered for path 'src/borealis_experiments'
Cloning into '/home/radar/borealis/src/borealis_experiments'...
Submodule path 'src/borealis_experiments': checked out '5f5a54b18988f3cf79a1b532e86488786d232909'


